t,hr,rr,hrv,temp,resp,spo2,bp,activity,leads_ok,source
1.0,82.1,730.6,25.0,36.91,15.7,97.3,137.8,0.004,True,simulated
2.0,80.9,741.5,31.1,36.89,15.3,97.3,133.5,0.011,True,simulated
3.0,81.4,736.8,26.3,36.86,15.6,96.5,134.3,0.0,True,simulated
4.0,82.6,726.2,28.4,36.91,15.3,96.9,133.8,0.045,True,simulated
5.0,82.9,724.0,26.0,36.9,15.6,96.7,130.4,0.0,True,simulated
6.0,82.4,727.9,24.6,36.9,14.9,97.0,131.4,0.0,True,simulated
7.0,81.7,734.2,22.5,36.92,15.6,97.0,136.1,0.0,True,simulated
8.0,81.0,740.4,24.3,36.88,14.9,96.1,133.2,0.004,True,simulated
9.0,81.0,740.3,24.7,36.84,15.6,96.5,135.6,0.0,True,simulated
10.0,81.5,736.6,24.2,36.87,14.8,96.5,132.7,0.0,True,simulated
11.0,81.4,737.3,24.0,36.91,16.5,96.1,134.6,0.0,True,simulated
12.0,82.2,730.0,23.2,36.93,16.5,96.7,136.5,0.0,True,simulated
13.0,81.7,734.8,21.9,36.87,14.9,97.3,136.3,0.029,True,simulated
14.0,81.9,732.8,23.1,36.88,17.2,96.3,132.7,0.0,True,simulated
15.0,83.2,721.4,24.7,36.9,15.8,96.7,134.9,0.001,True,simulated
16.0,82.3,728.6,25.6,36.85,17.0,96.6,137.8,0.0,True,simulated
17.0,83.0,722.6,27.6,36.9,16.0,96.6,135.3,0.0,True,simulated
18.0,82.9,723.8,26.6,36.88,15.6,96.6,137.5,0.018,True,simulated
19.0,83.2,721.1,26.4,36.9,17.4,97.4,139.7,0.01,True,simulated
20.0,84.0,714.6,26.1,36.93,16.1,97.0,134.6,0.0,True,simulated
21.0,83.8,716.1,25.6,36.92,15.7,96.1,132.4,0.011,True,simulated
22.0,84.0,714.1,25.3,36.95,15.6,96.5,133.7,0.0,True,simulated
23.0,84.2,712.6,25.4,36.85,15.9,96.2,135.1,0.0,True,simulated
24.0,83.5,718.8,25.3,36.9,16.1,96.6,135.5,0.0,True,simulated
25.0,83.4,719.4,25.9,36.96,14.9,96.7,133.3,0.0,True,simulated
26.0,83.9,715.5,25.2,36.95,15.2,97.0,136.5,0.0,True,simulated
27.0,84.4,711.3,26.1,36.93,16.3,97.6,132.8,0.0,True,simulated
28.0,85.0,705.8,26.4,36.94,16.3,97.1,135.7,0.024,True,simulated
29.0,85.5,702.1,26.2,36.94,16.2,97.0,132.4,0.01,True,simulated
30.0,85.1,705.1,26.1,36.92,16.7,96.8,136.9,0.009,True,simulated
31.0,85.2,704.2,26.1,36.84,16.8,96.8,134.0,0.0,True,simulated
32.0,84.7,708.4,25.8,36.89,17.0,96.7,132.9,0.0,True,simulated
33.0,84.5,709.9,26.5,36.94,16.5,96.8,134.6,0.0,True,simulated
34.0,84.1,713.1,28.7,36.88,16.2,97.8,136.4,0.01,True,simulated
35.0,83.5,718.2,27.6,36.92,16.8,96.9,132.4,0.0,True,simulated
36.0,83.8,715.7,27.4,36.85,17.1,97.6,138.2,0.0,True,simulated
37.0,83.0,723.1,26.9,36.91,18.0,97.7,133.7,0.023,True,simulated
38.0,82.2,729.6,26.0,36.84,16.2,96.6,131.5,0.0,True,simulated
39.0,82.2,729.8,26.3,36.88,17.1,97.4,136.9,0.008,True,simulated
40.0,82.0,731.5,26.8,36.87,17.4,97.7,136.2,0.039,True,simulated
41.0,82.0,731.3,27.1,36.9,17.1,97.2,130.3,0.0,True,simulated
42.0,81.8,733.7,27.3,36.86,16.9,96.5,128.2,0.03,True,simulated
43.0,82.0,732.0,28.1,36.91,17.7,97.9,130.4,0.0,True,simulated
44.0,81.3,738.0,28.6,36.92,18.4,97.2,128.4,0.011,True,simulated
45.0,80.8,742.6,28.8,36.83,16.9,96.4,132.2,0.0,True,simulated
46.0,80.9,741.4,28.0,36.87,17.8,97.1,128.6,0.0,True,simulated
47.0,80.7,743.5,28.8,36.87,16.8,96.4,131.2,0.02,True,simulated
48.0,80.7,743.0,28.4,36.88,17.1,97.1,130.7,0.0,True,simulated
49.0,80.5,745.0,29.1,36.89,17.7,96.3,132.5,0.0,True,simulated
50.0,80.1,748.9,28.7,36.88,16.7,96.5,127.7,0.011,True,simulated
51.0,79.8,752.3,28.0,36.9,17.0,97.3,130.4,0.046,True,simulated
52.0,80.3,746.9,28.0,36.86,16.8,97.1,131.0,0.003,True,simulated
53.0,81.6,735.7,30.4,36.87,16.2,96.9,129.0,0.0,True,simulated
54.0,82.0,731.3,30.3,36.89,17.2,97.7,133.4,0.014,True,simulated
55.0,81.7,734.5,28.3,36.82,16.8,96.7,135.3,0.0,True,simulated
56.0,82.0,731.9,28.4,36.9,17.3,97.1,133.9,0.0,True,simulated
57.0,81.6,735.3,29.0,36.82,16.3,97.0,135.0,0.0,True,simulated
58.0,81.1,740.0,27.9,36.85,17.3,96.6,136.1,0.0,True,simulated
59.0,81.5,736.0,26.7,36.87,16.1,96.8,133.7,0.0,True,simulated
60.0,81.2,739.0,27.1,36.89,16.0,97.6,133.0,0.0,True,simulated
61.0,80.8,742.4,26.8,36.89,15.9,97.5,134.7,0.0,True,simulated
62.0,80.6,744.5,27.4,36.86,17.8,96.9,132.9,0.146,True,simulated
63.0,80.5,744.9,27.3,36.85,17.5,97.3,131.5,0.296,True,simulated
64.0,83.1,722.2,27.2,36.85,19.3,96.9,140.0,0.389,True,simulated
65.0,84.1,713.8,26.9,36.88,19.1,96.9,133.2,0.483,True,simulated
66.0,88.8,675.9,26.1,36.89,18.6,96.8,136.9,0.526,True,simulated
67.0,91.0,659.3,26.8,36.86,20.6,96.5,133.4,0.542,True,simulated
68.0,96.6,621.1,27.2,36.93,22.0,96.7,136.6,0.568,True,simulated
69.0,100.2,598.9,26.4,36.95,22.5,97.2,141.1,0.655,True,simulated
70.0,103.9,577.3,26.4,36.88,21.8,96.5,138.1,0.624,True,simulated
71.0,104.8,572.3,26.5,36.94,23.4,96.8,142.4,0.664,True,simulated
72.0,108.5,553.0,26.4,36.9,24.3,97.0,145.3,0.617,True,simulated
73.0,110.1,544.8,23.5,36.91,24.2,96.6,145.1,0.711,True,simulated
74.0,111.6,537.5,23.0,36.87,25.4,96.5,147.5,0.643,True,simulated
75.0,112.7,532.5,22.9,36.87,25.5,96.2,150.7,0.681,True,simulated
76.0,113.8,527.1,22.7,36.93,26.2,96.2,151.9,0.673,True,simulated
77.0,116.2,516.3,23.2,36.85,26.5,96.8,153.1,0.668,True,simulated
78.0,116.4,515.6,22.7,36.87,27.3,96.3,149.3,0.674,True,simulated
79.0,117.7,510.0,21.8,36.85,26.8,96.3,145.1,0.692,True,simulated
80.0,117.3,511.7,20.3,36.93,27.6,96.8,150.5,0.693,True,simulated
81.0,117.5,510.6,20.3,36.92,27.7,96.3,148.5,0.667,True,simulated
82.0,117.9,508.8,19.5,36.88,27.8,96.7,146.5,0.706,True,simulated
83.0,117.9,509.0,16.4,36.96,27.4,95.5,148.5,0.705,True,simulated
84.0,119.0,504.2,15.8,36.87,27.3,95.7,148.1,0.682,True,simulated
85.0,118.9,504.7,14.9,36.85,27.7,96.9,150.1,0.705,True,simulated
86.0,119.0,504.3,15.0,36.87,27.7,96.2,151.3,0.684,True,simulated
87.0,119.0,504.4,14.6,36.91,28.3,96.7,149.9,0.699,True,simulated
88.0,119.9,500.4,15.0,36.92,28.3,96.0,152.2,0.684,True,simulated
89.0,120.9,496.4,15.4,36.93,28.5,96.8,151.9,0.71,True,simulated
90.0,120.6,497.5,14.2,36.95,29.3,96.5,154.0,0.689,True,simulated
91.0,120.3,498.7,14.3,36.96,28.7,95.7,155.3,0.706,True,simulated
92.0,120.8,496.6,12.7,36.92,28.7,96.2,158.2,0.668,True,simulated
93.0,122.3,490.4,12.1,36.91,28.8,96.3,152.5,0.719,True,simulated
94.0,122.0,491.8,11.2,36.9,28.5,96.3,153.2,0.697,True,simulated
95.0,122.3,490.6,11.2,36.91,28.6,96.9,153.0,0.553,True,simulated
96.0,121.4,494.3,11.0,36.92,28.0,95.9,155.9,0.437,True,simulated
97.0,121.0,495.7,11.1,36.93,27.8,96.0,148.6,0.299,True,simulated
98.0,118.8,504.9,11.5,36.9,26.7,96.6,152.7,0.266,True,simulated
99.0,118.7,505.5,11.7,36.92,25.2,96.4,149.9,0.174,True,simulated
100.0,116.5,515.2,11.2,36.99,25.6,96.0,150.7,0.155,True,simulated
101.0,114.3,524.7,12.5,36.97,24.1,96.7,148.4,0.131,True,simulated
102.0,112.2,534.8,12.4,36.97,24.0,96.2,145.7,0.108,True,simulated
103.0,110.2,544.3,12.1,36.92,22.2,96.5,149.8,0.084,True,simulated
104.0,108.5,552.8,11.6,37.02,22.9,96.1,148.1,0.039,True,simulated
105.0,106.7,562.5,13.4,36.97,21.7,97.0,145.2,0.069,True,simulated
106.0,103.8,578.1,13.3,37.01,21.5,97.0,146.4,0.0,True,simulated
107.0,102.2,587.2,13.7,36.97,21.3,97.2,145.0,0.033,True,simulated
108.0,100.3,598.2,15.2,37.01,19.8,96.8,145.5,0.009,True,simulated
109.0,100.1,599.2,15.6,36.96,20.0,97.2,136.8,0.012,True,simulated
110.0,98.3,610.6,15.9,36.99,19.0,97.2,143.3,0.012,True,simulated
111.0,96.9,619.0,17.1,36.96,19.2,96.8,143.4,0.049,True,simulated
112.0,94.9,632.3,17.4,36.98,19.1,97.2,141.0,0.008,True,simulated
113.0,93.0,645.2,18.0,36.94,20.0,96.5,142.9,0.0,True,simulated
114.0,92.2,651.1,18.6,36.98,18.6,96.6,145.2,0.041,True,simulated
115.0,90.8,660.6,18.6,36.94,18.5,96.6,138.6,0.004,True,simulated
116.0,90.4,663.8,18.9,36.99,18.9,97.1,137.7,0.012,True,simulated
117.0,89.4,671.3,21.0,36.97,18.4,97.3,136.8,0.0,True,simulated
118.0,89.2,673.0,20.4,36.95,18.0,97.0,137.7,0.012,True,simulated
119.0,89.5,670.0,21.6,37.02,18.2,96.5,136.7,0.014,True,simulated
120.0,88.3,679.2,21.9,36.97,18.5,97.0,140.4,0.003,True,simulated
121.0,88.1,681.3,22.7,36.97,18.4,97.1,141.0,0.06,True,simulated
122.0,86.6,692.9,23.0,36.98,18.6,96.5,140.8,0.128,True,simulated
123.0,86.5,693.8,23.2,37.01,18.2,96.9,138.0,0.169,True,simulated
124.0,86.7,691.8,22.5,37.04,18.6,97.1,137.4,0.194,True,simulated
125.0,87.3,687.0,22.6,36.99,20.3,96.8,137.7,0.22,True,simulated
126.0,89.0,674.3,23.3,36.97,19.1,97.1,138.5,0.26,True,simulated
127.0,89.5,670.6,22.9,36.99,20.1,97.4,135.3,0.265,True,simulated
128.0,91.0,659.4,23.0,37.0,20.1,96.4,139.2,0.257,True,simulated
129.0,91.5,656.0,23.2,37.0,19.5,97.3,139.1,0.283,True,simulated
130.0,91.5,655.9,22.6,36.95,20.4,97.3,139.7,0.268,True,simulated
131.0,91.7,654.2,22.5,36.96,19.9,98.2,141.1,0.282,True,simulated
132.0,91.8,653.5,22.9,37.0,20.1,97.3,140.1,0.303,True,simulated
133.0,92.2,651.1,22.3,36.91,20.7,97.7,139.2,0.27,True,simulated
134.0,93.1,644.6,22.5,36.9,19.9,97.0,145.8,0.276,True,simulated
135.0,94.0,638.1,22.1,36.88,20.7,97.2,142.5,0.286,True,simulated
136.0,93.8,640.0,22.4,36.99,21.2,97.1,143.8,0.316,True,simulated
137.0,95.1,630.7,21.2,36.9,20.6,97.1,139.3,0.334,True,simulated
138.0,95.3,629.7,19.7,36.96,20.2,96.8,146.5,0.277,True,simulated
139.0,95.2,630.6,19.9,36.93,21.5,96.9,147.5,0.287,True,simulated
140.0,95.6,627.7,19.0,36.89,22.7,96.7,145.2,0.299,True,simulated
141.0,95.8,626.5,18.9,36.98,21.5,96.8,144.7,0.34,True,simulated
142.0,95.8,626.3,18.7,36.92,21.4,97.2,147.0,0.279,True,simulated
143.0,96.3,622.9,19.5,36.9,21.6,97.5,145.3,0.295,True,simulated
144.0,95.6,627.6,18.3,36.91,22.2,96.1,148.1,0.299,True,simulated
145.0,95.7,627.2,18.3,36.93,22.9,97.1,147.0,0.312,True,simulated
146.0,95.9,625.9,18.5,36.91,22.3,97.0,144.0,0.336,True,simulated
147.0,96.0,624.7,18.5,36.99,22.0,97.2,146.3,0.305,True,simulated
148.0,96.5,621.9,18.1,36.95,22.5,97.1,145.4,0.302,True,simulated
149.0,97.6,614.5,20.2,36.89,22.4,97.2,146.6,0.33,True,simulated
150.0,97.4,615.8,19.3,36.93,22.3,96.7,149.0,0.317,True,simulated
151.0,97.7,613.9,19.5,36.99,22.7,96.9,147.3,0.3,True,simulated
152.0,97.0,618.4,18.9,36.94,22.3,96.9,145.8,0.324,True,simulated
153.0,96.9,618.9,18.6,36.96,21.6,97.1,149.1,0.302,True,simulated
154.0,97.8,613.8,17.9,36.91,21.6,97.7,149.2,0.307,True,simulated
155.0,97.3,616.6,17.4,36.92,21.8,96.9,147.5,0.291,True,simulated
156.0,97.6,614.9,17.5,36.9,22.6,96.7,142.4,0.317,True,simulated
157.0,98.3,610.5,17.9,36.92,22.2,97.1,146.7,0.3,True,simulated
158.0,97.6,614.5,18.5,36.89,21.9,96.8,141.6,0.324,True,simulated
159.0,98.2,610.8,19.0,36.89,21.1,97.0,146.6,0.31,True,simulated
160.0,98.1,611.7,19.1,36.92,22.4,96.9,148.9,0.278,True,simulated
161.0,98.3,610.3,18.5,36.92,21.0,97.4,143.4,0.267,True,simulated
162.0,98.7,607.6,18.9,36.86,22.9,97.6,147.2,0.293,True,simulated
163.0,98.4,609.8,18.9,36.87,22.7,96.2,148.0,0.307,True,simulated
164.0,99.2,605.1,18.3,36.94,21.8,97.2,145.7,0.316,True,simulated
165.0,99.7,601.7,17.2,36.91,21.7,96.7,146.2,0.322,True,simulated
166.0,99.9,600.4,15.5,36.88,21.6,97.1,147.1,0.318,True,simulated
167.0,100.0,599.7,14.4,36.92,21.1,96.6,149.3,0.318,True,simulated
168.0,99.7,602.1,14.3,36.89,22.7,97.0,146.9,0.31,True,simulated
169.0,99.8,601.1,14.3,36.94,22.1,97.0,149.0,0.309,True,simulated
170.0,100.4,597.8,14.0,36.91,22.7,96.9,149.5,0.256,True,simulated
171.0,101.0,594.3,13.9,36.88,21.7,96.9,147.5,0.292,True,simulated
172.0,101.2,592.8,14.4,36.92,21.9,97.0,148.4,0.31,True,simulated
173.0,101.3,592.5,14.3,36.93,21.2,96.9,148.2,0.385,True,simulated
174.0,100.9,594.9,13.5,36.91,21.5,96.6,149.5,0.44,True,simulated
175.0,101.7,589.8,12.7,36.87,23.4,96.6,146.6,0.512,True,simulated
176.0,102.7,584.2,11.7,36.92,23.5,96.6,149.5,0.549,True,simulated
177.0,103.6,579.4,11.6,36.87,23.2,97.2,148.8,0.589,True,simulated
178.0,105.4,569.3,11.4,36.86,24.4,96.2,149.9,0.592,True,simulated
179.0,106.9,561.3,10.3,36.93,24.6,97.4,150.4,0.594,True,simulated
180.0,110.1,545.1,11.0,36.93,25.2,97.2,152.4,0.618,True,simulated
181.0,111.7,536.9,12.1,36.89,24.8,97.2,149.1,0.65,True,simulated
182.0,113.7,527.5,12.4,36.9,26.3,97.3,151.4,0.68,True,simulated
183.0,114.4,524.6,12.4,36.94,25.7,97.3,151.4,0.69,True,simulated
184.0,114.3,525.2,12.7,36.97,25.3,96.9,152.4,0.689,True,simulated
185.0,115.0,521.9,12.8,36.86,26.8,96.2,148.9,0.672,True,simulated
186.0,115.7,518.6,12.6,36.91,26.9,96.3,154.5,0.687,True,simulated
187.0,116.8,513.7,13.0,36.93,26.4,96.9,153.3,0.677,True,simulated
188.0,117.4,511.1,12.3,36.94,27.8,96.3,154.7,0.683,True,simulated
189.0,117.7,509.9,12.4,36.91,28.0,96.8,157.4,0.699,True,simulated
190.0,118.7,505.6,12.6,36.87,27.6,97.1,156.3,0.73,True,simulated
191.0,119.0,504.2,12.1,36.92,27.2,97.1,153.3,0.679,True,simulated
192.0,119.8,500.7,12.8,36.87,27.9,96.8,157.9,0.734,True,simulated
193.0,119.3,503.0,12.0,36.92,28.0,96.4,157.0,0.692,True,simulated
194.0,120.1,499.5,12.2,36.87,29.0,96.4,152.2,0.686,True,simulated
195.0,119.6,501.6,12.0,36.86,28.6,96.6,159.3,0.703,True,simulated
196.0,120.7,497.0,11.1,36.96,29.0,97.4,159.8,0.706,True,simulated
197.0,121.0,496.0,10.7,36.89,28.5,96.7,156.6,0.677,True,simulated
198.0,122.0,492.0,11.1,36.9,29.3,97.0,158.3,0.74,True,simulated
199.0,122.0,492.0,10.8,36.9,28.6,96.5,158.0,0.696,True,simulated
200.0,122.1,491.4,10.7,36.94,28.3,96.6,159.9,0.688,True,simulated
201.0,122.0,491.7,11.1,36.91,29.3,97.1,158.6,0.707,True,simulated
202.0,122.3,490.7,10.9,36.9,28.3,96.6,158.1,0.68,True,simulated
203.0,121.9,492.3,10.8,36.94,28.2,96.2,157.1,0.748,True,simulated
204.0,121.8,492.8,10.4,36.86,29.2,96.3,154.0,0.691,True,simulated
205.0,122.3,490.6,10.7,36.89,28.4,96.9,156.9,0.704,True,simulated
206.0,122.3,490.6,10.3,36.91,29.0,96.7,150.6,0.692,True,simulated
207.0,122.6,489.6,10.4,36.9,29.8,97.3,155.0,0.676,True,simulated
208.0,122.3,490.6,10.4,36.94,29.2,96.8,159.6,0.701,True,simulated
209.0,121.0,495.8,10.2,36.91,29.4,96.4,160.1,0.695,True,simulated
210.0,121.8,492.5,9.9,36.93,29.9,96.2,158.5,0.702,True,simulated
211.0,122.1,491.5,10.1,36.93,28.8,96.6,157.1,0.693,True,simulated
212.0,122.7,489.0,9.4,36.92,29.3,96.5,153.7,0.655,True,simulated
213.0,122.7,489.0,10.2,36.9,29.2,96.1,155.8,0.72,True,simulated
214.0,121.9,492.1,10.3,36.9,29.2,96.4,154.3,0.704,True,simulated
215.0,121.1,495.5,9.9,36.94,30.1,96.0,157.5,0.68,True,simulated
216.0,120.5,498.0,9.7,36.95,30.2,96.9,153.9,0.708,True,simulated
217.0,121.1,495.4,9.9,36.96,29.7,96.3,156.6,0.719,True,simulated
218.0,121.3,494.5,9.9,36.93,29.3,96.2,153.5,0.681,True,simulated
219.0,122.0,491.8,9.7,36.93,29.8,95.8,156.4,0.692,True,simulated
220.0,121.3,494.7,9.3,36.95,28.5,96.4,152.2,0.702,True,simulated
221.0,122.0,491.8,9.2,36.93,29.1,96.4,154.2,0.694,True,simulated
222.0,121.3,494.6,9.1,37.04,28.9,96.4,156.3,0.654,True,simulated
223.0,121.8,492.5,9.2,36.98,29.1,95.7,154.0,0.703,True,simulated
224.0,121.2,495.2,9.0,36.96,29.2,96.5,154.6,0.693,True,simulated
225.0,121.7,493.0,9.2,36.93,28.9,96.0,152.4,0.698,True,simulated
226.0,120.9,496.3,9.2,37.01,29.6,96.4,158.1,0.698,True,simulated
227.0,121.2,495.1,8.9,37.02,29.8,95.8,158.2,0.681,True,simulated
228.0,120.4,498.2,8.7,37.02,29.0,95.6,156.1,0.743,True,simulated
229.0,120.8,496.8,9.0,37.02,29.5,95.7,159.1,0.553,True,simulated
230.0,119.8,500.9,9.3,37.02,28.6,96.3,158.0,0.454,True,simulated
231.0,120.5,497.9,9.5,37.03,28.3,96.5,156.3,0.414,True,simulated
232.0,118.9,504.7,9.7,37.03,27.4,96.2,154.7,0.337,True,simulated
233.0,118.5,506.3,9.9,37.06,27.8,96.1,155.1,0.292,True,simulated
234.0,116.6,514.6,9.3,37.02,27.1,96.2,153.2,0.295,True,simulated
235.0,115.7,518.6,9.4,37.03,26.7,96.8,154.6,0.235,True,simulated
236.0,114.3,524.8,9.5,37.02,24.8,96.4,146.3,0.239,True,simulated
237.0,113.0,530.8,9.2,37.05,25.1,96.5,145.7,0.199,True,simulated
238.0,112.5,533.1,9.4,37.04,24.3,96.8,150.3,0.198,True,simulated
239.0,110.2,544.7,10.2,37.0,24.5,97.3,149.8,0.176,True,simulated
240.0,109.7,547.2,10.4,36.97,24.7,97.4,145.4,0.149,True,simulated
241.0,107.8,556.7,11.1,37.04,22.3,95.9,145.6,0.15,True,simulated
242.0,107.0,560.6,11.0,37.0,23.0,96.9,146.8,0.156,True,simulated
243.0,105.9,566.3,10.9,37.05,23.5,96.9,146.8,0.145,True,simulated
244.0,104.3,575.5,11.3,37.04,22.9,97.3,147.5,0.152,True,simulated
245.0,103.3,580.9,10.7,37.0,21.9,96.7,145.7,0.169,True,simulated
246.0,102.2,586.9,11.4,37.01,22.5,97.6,147.6,0.175,True,simulated
247.0,101.8,589.6,11.2,37.02,21.5,97.3,143.9,0.165,True,simulated
248.0,101.4,591.8,10.8,37.0,22.0,96.6,141.2,0.121,True,simulated
249.0,101.1,593.8,10.9,37.05,22.3,97.2,142.8,0.188,True,simulated
250.0,100.9,594.9,10.9,37.02,21.3,97.4,143.5,0.139,True,simulated
251.0,100.0,600.1,10.8,36.94,21.6,97.1,143.9,0.12,True,simulated
252.0,99.3,604.2,11.8,37.05,21.1,97.5,144.6,0.153,True,simulated
253.0,99.7,601.9,12.5,36.98,21.0,96.8,138.5,0.14,True,simulated
254.0,100.5,596.9,12.8,37.01,20.5,97.1,139.9,0.157,True,simulated
255.0,98.8,607.4,13.6,36.98,20.5,96.5,141.4,0.122,True,simulated
256.0,98.3,610.5,14.0,37.01,20.9,96.8,140.1,0.139,True,simulated
257.0,97.8,613.4,13.7,36.96,19.6,97.2,139.9,0.133,True,simulated
258.0,98.0,612.1,14.3,37.01,19.8,97.4,138.9,0.167,True,simulated
259.0,98.3,610.4,14.0,37.02,19.4,97.2,136.4,0.14,True,simulated
260.0,98.9,607.0,16.8,37.06,19.3,97.8,136.6,0.145,True,simulated
261.0,98.6,608.4,17.4,37.05,19.5,96.6,138.8,0.13,True,simulated
262.0,98.6,608.7,17.6,37.04,20.8,96.7,134.4,0.137,True,simulated
263.0,97.9,612.9,17.9,37.06,19.9,96.4,137.6,0.111,True,simulated
264.0,97.4,616.1,19.1,36.95,19.9,97.2,138.3,0.151,True,simulated
265.0,97.2,617.2,19.5,37.04,19.5,96.5,136.6,0.192,True,simulated
266.0,96.9,619.4,19.8,37.02,19.1,97.2,138.7,0.166,True,simulated
267.0,96.7,620.8,21.1,36.99,19.0,96.6,135.5,0.109,True,simulated
268.0,96.2,623.5,21.4,37.07,19.8,96.8,139.0,0.135,True,simulated
269.0,96.2,623.8,21.9,37.02,19.9,96.7,136.6,0.155,True,simulated
270.0,96.1,624.6,22.1,37.0,18.8,97.4,143.4,0.132,True,simulated
271.0,95.5,628.4,21.7,36.97,20.5,96.8,136.0,0.159,True,simulated
272.0,95.0,631.8,22.2,36.99,20.2,97.0,136.9,0.153,True,simulated
273.0,94.4,635.8,22.3,37.02,19.3,97.0,138.5,0.139,True,simulated
274.0,95.2,630.2,22.8,36.99,19.5,96.6,139.3,0.199,True,simulated
275.0,95.9,625.9,22.9,37.04,18.8,96.6,140.1,0.205,True,simulated
276.0,96.0,624.8,22.5,37.01,18.7,97.0,139.0,0.245,True,simulated
277.0,97.3,616.6,22.6,36.96,18.9,97.1,140.1,0.241,True,simulated
278.0,97.9,613.1,20.7,37.03,18.9,97.1,139.6,0.245,True,simulated
279.0,98.5,608.8,20.0,36.98,19.6,96.9,141.4,0.256,True,simulated
280.0,98.7,607.8,20.0,36.99,19.5,96.7,143.4,0.245,True,simulated
281.0,99.5,603.1,20.4,37.03,19.7,96.6,142.6,0.293,True,simulated
282.0,99.9,600.7,19.0,36.99,19.8,96.7,142.3,0.285,True,simulated
283.0,100.7,595.6,18.7,36.95,19.3,96.0,143.6,0.288,True,simulated
284.0,101.2,593.0,19.9,36.95,20.0,96.8,145.6,0.31,True,simulated
285.0,101.6,590.3,18.7,36.99,19.5,97.5,143.7,0.323,True,simulated
286.0,101.4,591.6,19.4,37.03,20.1,96.9,140.8,0.286,True,simulated
287.0,102.0,588.1,19.4,36.94,19.6,96.8,144.3,0.304,True,simulated
288.0,102.8,583.6,19.0,36.97,20.2,96.7,146.3,0.332,True,simulated
289.0,102.9,583.1,18.5,36.9,19.8,96.6,145.4,0.31,True,simulated
290.0,102.0,588.0,18.8,37.0,20.3,96.5,142.5,0.273,True,simulated
291.0,101.6,590.6,18.5,36.99,20.0,96.1,145.2,0.268,True,simulated
292.0,101.4,592.0,18.1,36.99,20.6,97.0,143.3,0.306,True,simulated
293.0,102.1,587.5,19.2,36.99,20.4,97.4,146.3,0.295,True,simulated
294.0,102.2,587.1,19.6,36.97,20.2,97.1,142.7,0.277,True,simulated
295.0,102.7,584.5,19.5,36.96,19.6,96.4,147.2,0.308,True,simulated
296.0,102.2,587.3,19.7,36.99,20.3,96.4,146.3,0.314,True,simulated
297.0,102.3,586.3,19.8,36.96,19.8,97.2,144.5,0.28,True,simulated
298.0,102.4,585.7,19.5,36.98,20.0,97.4,144.2,0.269,True,simulated
299.0,102.7,584.4,20.5,37.0,20.6,96.3,145.8,0.27,True,simulated
300.0,103.0,582.4,20.5,37.0,20.4,97.1,146.8,0.314,True,simulated
301.0,102.8,583.5,19.2,36.99,19.9,96.1,144.0,0.318,True,simulated
302.0,102.7,584.4,19.4,36.99,19.1,97.4,144.2,0.261,True,simulated
303.0,102.5,585.5,18.8,37.01,21.0,95.9,144.9,0.294,True,simulated
304.0,102.6,584.7,18.2,36.99,21.1,96.6,147.4,0.3,True,simulated
305.0,102.6,585.0,18.2,37.02,21.0,96.5,144.1,0.305,True,simulated
306.0,103.4,580.1,17.8,36.99,19.4,96.5,144.4,0.284,True,simulated
307.0,103.1,581.9,19.7,37.02,19.8,97.2,144.7,0.275,True,simulated
308.0,103.7,578.8,18.4,37.03,20.5,96.3,146.6,0.319,True,simulated
309.0,103.3,580.9,18.7,37.05,20.8,97.4,146.7,0.287,True,simulated
310.0,104.8,572.4,17.4,37.01,21.9,97.2,145.5,0.295,True,simulated
311.0,104.6,573.8,16.9,37.02,20.7,96.9,144.5,0.275,True,simulated
312.0,104.2,575.6,17.0,37.04,20.5,97.3,147.6,0.306,True,simulated
313.0,104.4,574.5,17.2,37.04,20.5,97.3,145.6,0.267,True,simulated
314.0,104.8,572.7,17.0,36.97,20.5,97.9,140.4,0.305,True,simulated
315.0,105.0,571.6,17.5,37.03,19.1,96.0,149.3,0.268,True,simulated
316.0,104.6,573.3,16.8,37.02,20.5,97.0,147.4,0.283,True,simulated
317.0,105.1,570.7,16.8,37.01,20.8,96.9,144.8,0.37,True,simulated
318.0,105.5,568.8,16.9,36.96,20.7,97.2,149.5,0.419,True,simulated
319.0,106.4,563.8,17.7,37.01,22.4,97.1,147.8,0.489,True,simulated
320.0,108.5,553.2,17.6,36.98,22.2,97.1,150.6,0.567,True,simulated
321.0,110.6,542.6,17.6,36.98,22.9,97.8,149.5,0.566,True,simulated
322.0,110.9,540.9,17.7,37.01,23.9,96.9,148.0,0.62,True,simulated
323.0,111.4,538.8,16.0,36.95,23.7,96.4,150.4,0.607,True,simulated
324.0,113.1,530.4,14.6,36.91,23.9,97.0,157.4,0.651,True,simulated
325.0,114.9,522.0,14.9,36.98,23.9,97.5,150.7,0.677,True,simulated
326.0,116.4,515.2,15.3,36.97,23.7,97.5,151.3,0.714,True,simulated
327.0,117.5,510.7,15.6,36.98,23.3,97.6,151.9,0.644,True,simulated
328.0,118.2,507.4,15.8,37.01,24.9,97.3,150.6,0.675,True,simulated
329.0,118.9,504.6,15.2,36.96,25.5,97.2,155.1,0.704,True,simulated
330.0,119.9,500.5,15.7,36.97,25.4,96.4,157.9,0.671,True,simulated
331.0,121.0,496.0,14.2,37.0,25.5,97.4,152.4,0.689,True,simulated
332.0,122.0,491.9,14.2,36.92,25.6,96.8,158.9,0.726,True,simulated
333.0,122.9,488.4,13.6,37.01,26.0,97.9,158.9,0.699,True,simulated
334.0,124.1,483.6,12.1,37.0,25.7,98.0,157.3,0.675,True,simulated
335.0,124.4,482.3,11.3,36.97,24.9,97.4,157.4,0.703,True,simulated
336.0,123.9,484.3,10.7,36.95,26.2,96.4,158.0,0.713,True,simulated
337.0,124.7,481.2,11.4,37.02,27.5,97.7,157.8,0.657,True,simulated
338.0,124.8,480.7,12.0,36.94,25.9,97.1,156.8,0.692,True,simulated
339.0,124.8,480.9,11.5,36.95,27.1,97.3,156.8,0.691,True,simulated
340.0,125.4,478.4,11.1,37.0,27.1,97.1,154.8,0.704,True,simulated
341.0,125.2,479.4,10.6,36.95,26.8,96.6,156.2,0.717,True,simulated
342.0,124.6,481.7,9.9,36.95,26.7,96.1,158.1,0.708,True,simulated
343.0,125.0,480.1,9.9,36.98,26.7,96.8,155.1,0.696,True,simulated
344.0,124.6,481.5,9.1,36.99,26.9,96.9,156.0,0.712,True,simulated
345.0,124.1,483.3,9.0,37.0,27.0,96.4,156.4,0.686,True,simulated
346.0,124.1,483.4,8.7,37.02,27.3,97.0,157.6,0.669,True,simulated
347.0,124.4,482.3,9.6,37.04,27.2,96.6,158.1,0.707,True,simulated
348.0,125.2,479.1,9.9,36.98,28.0,96.6,158.3,0.753,True,simulated
349.0,125.0,480.1,10.0,37.06,27.0,97.2,160.2,0.536,True,simulated
350.0,125.2,479.1,9.4,36.96,27.1,96.7,152.0,0.441,True,simulated
351.0,124.5,482.0,9.8,37.03,26.0,97.1,155.9,0.307,True,simulated
352.0,123.7,484.9,9.5,37.02,25.2,96.6,154.8,0.248,True,simulated
353.0,121.3,494.8,10.0,37.0,24.3,96.9,156.2,0.21,True,simulated
354.0,119.6,501.5,10.3,36.99,23.3,97.0,152.8,0.14,True,simulated
355.0,118.1,507.9,10.3,37.04,23.5,96.4,151.8,0.166,True,simulated
356.0,116.3,516.1,11.8,36.98,21.8,97.0,151.7,0.125,True,simulated
357.0,115.2,520.8,12.5,36.96,21.3,97.1,151.0,0.056,True,simulated
358.0,112.5,533.5,12.6,37.01,21.1,97.0,148.2,0.044,True,simulated
359.0,111.0,540.5,13.0,37.03,20.7,97.0,148.2,0.052,True,simulated
360.0,109.3,549.1,15.2,37.07,19.1,97.4,148.7,0.044,True,simulated
361.0,107.8,556.7,16.2,37.01,19.7,97.0,149.7,0.035,True,simulated
362.0,105.6,568.1,16.6,36.99,18.2,97.1,146.2,0.004,True,simulated
363.0,103.8,578.0,16.5,36.98,18.3,97.6,146.2,0.019,True,simulated
364.0,102.9,582.8,17.8,37.03,17.5,96.9,147.0,0.0,True,simulated
365.0,100.9,594.9,19.0,37.0,17.9,97.4,146.3,0.0,True,simulated
366.0,100.1,599.6,19.8,36.97,17.6,97.3,147.1,0.0,True,simulated
367.0,98.3,610.5,19.6,36.98,17.2,97.1,143.3,0.026,True,simulated
368.0,97.3,616.7,20.5,37.03,17.4,97.3,141.4,0.0,True,simulated
369.0,96.6,620.9,21.1,36.99,17.1,97.5,145.0,0.03,True,simulated
370.0,95.4,628.8,20.8,36.97,16.8,97.8,140.6,0.005,True,simulated
371.0,95.8,626.3,20.6,36.94,16.5,96.6,142.3,0.0,True,simulated
372.0,95.4,628.9,21.4,36.94,16.8,98.2,144.3,0.01,True,simulated
373.0,93.9,638.8,21.7,37.01,16.8,97.7,140.2,0.014,True,simulated
374.0,92.9,645.6,21.9,36.99,15.8,96.8,140.7,0.0,True,simulated
375.0,92.7,647.6,22.2,36.99,15.6,98.1,142.4,0.024,True,simulated
376.0,91.6,655.2,22.6,37.01,15.3,97.9,141.2,0.005,True,simulated
377.0,90.5,662.7,22.3,37.0,15.7,98.3,140.0,0.0,True,simulated
378.0,90.3,664.6,21.6,36.95,16.6,97.5,139.8,0.0,True,simulated
379.0,90.4,663.9,21.8,36.96,15.9,97.7,142.9,0.0,True,simulated
380.0,88.9,674.8,20.7,36.92,16.4,98.1,138.3,0.0,True,simulated
381.0,88.4,678.8,21.6,36.96,15.6,98.7,142.9,0.01,True,simulated
382.0,87.8,683.7,21.3,36.92,16.6,98.5,138.5,0.015,True,simulated
383.0,87.5,686.1,21.5,36.98,16.3,98.6,138.8,0.006,True,simulated
384.0,85.8,698.9,21.7,36.98,15.8,98.1,140.7,0.007,True,simulated
385.0,85.8,699.3,21.0,36.98,15.8,97.5,139.3,0.0,True,simulated
386.0,85.4,702.8,21.8,36.94,15.4,97.8,143.4,0.003,True,simulated
387.0,84.9,707.1,22.0,36.96,16.5,97.8,137.3,0.0,True,simulated
388.0,84.3,712.2,22.3,36.96,14.9,97.8,139.4,0.0,True,simulated
389.0,83.5,718.3,24.2,36.92,15.8,98.3,142.4,0.001,True,simulated
390.0,83.5,718.5,24.2,36.93,15.7,98.4,142.2,0.0,True,simulated
391.0,83.5,718.3,24.1,36.98,15.7,97.3,141.6,0.0,True,simulated
392.0,82.8,724.5,24.3,37.0,16.1,98.4,143.1,0.0,True,simulated
393.0,83.5,718.5,24.1,37.02,15.7,97.7,136.5,0.017,True,simulated
394.0,83.3,720.3,24.1,36.96,15.6,98.3,139.4,0.006,True,simulated
395.0,83.0,722.5,23.8,36.97,15.7,98.2,144.8,0.024,True,simulated
396.0,82.9,724.1,23.7,37.01,15.9,97.4,140.5,0.0,True,simulated
397.0,83.1,721.6,23.7,37.0,16.0,98.1,139.8,0.001,True,simulated
398.0,83.0,722.7,24.9,36.94,15.9,98.1,139.7,0.006,True,simulated
399.0,82.3,728.8,25.9,36.96,15.0,98.3,141.0,0.006,True,simulated
400.0,82.3,729.0,25.8,36.98,15.2,97.9,141.5,0.0,True,simulated
401.0,82.0,732.1,25.8,36.95,15.5,98.7,140.3,0.0,True,simulated
402.0,82.7,725.5,25.3,36.91,15.6,97.3,136.8,0.02,True,simulated
403.0,82.3,729.1,25.4,36.98,15.2,97.7,136.7,0.0,True,simulated
404.0,82.8,724.9,26.5,36.97,15.2,98.3,143.1,0.0,True,simulated
405.0,82.5,727.2,26.5,36.95,15.8,97.9,140.3,0.014,True,simulated
406.0,82.9,723.4,26.5,36.95,16.1,98.0,136.4,0.0,True,simulated
407.0,82.7,725.1,25.9,36.92,15.4,98.0,142.6,0.013,True,simulated
408.0,83.7,716.4,26.4,36.89,16.3,98.3,142.4,0.0,True,simulated
409.0,84.6,709.5,26.7,36.9,15.9,98.2,137.8,0.117,True,simulated
410.0,84.0,714.3,25.5,36.95,17.6,98.7,146.4,0.183,True,simulated
411.0,84.9,707.1,29.8,36.94,16.8,97.6,143.7,0.267,True,simulated
412.0,87.8,683.5,30.3,36.91,17.6,97.7,143.7,0.295,True,simulated
413.0,89.7,668.6,30.4,36.95,18.1,97.7,144.5,0.333,True,simulated
414.0,93.4,642.5,29.7,36.95,18.1,97.5,143.5,0.374,True,simulated
415.0,95.9,625.5,31.6,36.94,19.3,97.7,143.8,0.453,True,simulated
416.0,97.9,613.1,31.5,36.89,18.7,98.1,146.8,0.452,True,simulated
417.0,102.6,584.7,31.4,36.94,20.8,98.1,146.6,0.444,True,simulated
418.0,105.2,570.5,30.4,36.95,21.2,98.1,150.0,0.459,True,simulated
419.0,107.0,560.9,29.5,36.96,21.5,97.5,152.4,0.481,True,simulated
420.0,106.7,562.5,29.7,36.92,21.7,98.5,148.6,0.433,True,simulated
421.0,107.7,557.3,30.3,36.89,21.9,98.3,153.1,0.468,True,simulated
422.0,107.6,557.4,29.2,37.0,21.2,98.0,150.4,0.501,True,simulated
423.0,109.3,548.9,28.6,36.94,22.0,97.8,150.2,0.478,True,simulated
424.0,110.0,545.5,28.5,36.91,21.7,97.8,153.1,0.514,True,simulated
425.0,110.3,543.9,29.2,37.0,22.2,97.1,152.2,0.516,True,simulated
426.0,112.1,535.3,27.9,36.98,22.6,97.2,153.2,0.494,True,simulated
427.0,112.4,533.8,26.9,36.99,22.3,97.4,153.1,0.52,True,simulated
428.0,112.6,533.1,20.9,36.96,22.3,97.7,158.5,0.496,True,simulated
429.0,112.7,532.5,21.1,36.95,22.6,98.0,152.5,0.504,True,simulated
430.0,112.9,531.2,21.3,37.05,22.4,97.5,154.8,0.493,True,simulated
431.0,113.4,529.3,18.2,37.01,23.3,97.5,153.2,0.458,True,simulated
432.0,113.4,529.0,18.4,36.96,23.0,97.4,155.8,0.485,True,simulated
433.0,113.5,528.6,18.7,37.02,22.5,97.4,154.2,0.484,True,simulated
434.0,114.2,525.3,18.3,37.01,22.4,97.1,154.9,0.506,True,simulated
435.0,114.1,526.1,18.0,37.0,23.3,97.7,155.9,0.514,True,simulated
436.0,114.0,526.3,17.1,37.03,23.8,97.7,157.5,0.51,True,simulated
437.0,113.6,528.2,16.0,37.02,24.2,97.4,153.3,0.509,True,simulated
438.0,113.4,529.2,15.7,37.03,24.0,97.6,153.3,0.558,True,simulated
439.0,113.2,530.1,15.4,37.03,24.0,97.5,157.1,0.494,True,simulated
440.0,113.5,528.6,14.1,37.05,24.6,97.3,153.0,0.434,True,simulated
441.0,112.9,531.4,13.7,36.98,24.1,96.6,155.7,0.49,True,simulated
442.0,113.2,529.9,13.9,36.99,23.9,97.0,153.6,0.501,True,simulated
443.0,113.0,531.0,14.0,37.0,24.6,97.4,152.1,0.488,True,simulated
444.0,113.6,528.2,15.7,37.01,23.5,97.6,156.3,0.447,True,simulated
445.0,113.8,527.0,14.8,36.97,24.5,97.4,154.0,0.466,True,simulated
446.0,114.7,523.3,14.8,36.97,23.0,97.8,154.6,0.55,True,simulated
447.0,115.2,520.9,15.3,36.93,23.6,97.9,155.0,0.502,True,simulated
448.0,115.5,519.5,15.1,37.04,24.5,97.1,156.5,0.468,True,simulated
449.0,115.7,518.7,14.7,36.99,23.4,97.8,153.4,0.482,True,simulated
450.0,115.3,520.3,15.0,36.98,24.2,97.9,151.6,0.499,True,simulated
451.0,115.3,520.5,14.6,36.96,24.1,97.4,154.9,0.505,True,simulated
452.0,116.1,516.9,15.4,36.96,24.7,97.5,153.4,0.524,True,simulated
453.0,115.8,518.0,15.7,37.05,23.8,98.0,152.6,0.503,True,simulated
454.0,115.6,519.2,15.4,37.02,23.6,97.0,149.7,0.495,True,simulated
455.0,115.3,520.5,15.3,36.97,24.3,97.6,155.0,0.481,True,simulated
456.0,115.1,521.4,15.0,36.99,24.8,97.5,155.4,0.481,True,simulated
457.0,115.6,519.2,15.2,37.07,24.6,98.4,156.0,0.518,True,simulated
458.0,114.5,524.0,15.3,37.09,23.5,97.9,152.9,0.446,True,simulated
459.0,114.9,522.3,13.5,37.07,24.5,97.3,155.4,0.483,True,simulated
460.0,114.6,523.4,13.8,37.01,24.2,97.7,151.9,0.502,True,simulated
461.0,114.8,522.5,14.7,37.01,24.2,97.4,147.7,0.499,True,simulated
462.0,115.7,518.6,13.8,37.0,24.1,96.5,151.4,0.483,True,simulated
463.0,116.1,516.9,13.9,37.03,24.4,97.0,154.1,0.388,True,simulated
464.0,115.1,521.4,13.9,37.03,24.0,96.5,153.5,0.307,True,simulated
465.0,114.1,526.1,13.4,37.03,22.6,96.7,148.4,0.21,True,simulated
466.0,113.0,530.8,14.2,37.02,22.0,96.9,153.7,0.176,True,simulated
467.0,112.3,534.4,13.2,36.99,21.6,97.4,150.1,0.113,True,simulated
468.0,110.4,543.6,13.6,36.99,20.8,97.6,146.8,0.096,True,simulated
469.0,109.3,549.1,13.2,37.01,19.6,97.4,146.6,0.045,True,simulated
470.0,107.9,556.0,14.0,37.01,21.2,97.5,148.7,0.035,True,simulated
471.0,105.8,567.2,15.0,36.98,19.3,96.5,147.4,0.055,True,simulated
472.0,104.4,574.4,15.0,37.02,20.2,96.8,145.5,0.0,True,simulated
473.0,102.6,584.7,14.3,37.06,19.2,97.4,143.4,0.076,True,simulated
474.0,101.3,592.1,15.5,37.03,18.9,96.7,144.1,0.0,True,simulated
475.0,101.1,593.3,16.1,37.05,18.9,96.1,143.6,0.018,True,simulated
476.0,98.9,606.6,16.7,37.1,17.1,96.3,144.0,0.043,True,simulated
477.0,97.4,615.9,16.5,37.0,17.1,96.9,138.2,0.011,True,simulated
478.0,96.5,622.0,16.6,37.0,18.3,97.2,140.8,0.039,True,simulated
479.0,95.6,627.8,17.9,36.99,16.9,96.9,140.8,0.002,True,simulated
480.0,95.7,627.0,17.9,37.03,16.2,97.1,141.8,0.029,True,simulated
481.0,94.8,633.0,18.8,37.01,15.5,96.0,138.5,0.0,True,simulated
482.0,94.5,635.1,18.8,37.0,15.9,96.6,140.0,0.013,True,simulated
483.0,93.3,642.9,18.5,37.07,17.5,96.5,140.6,0.013,True,simulated
484.0,92.4,649.4,19.3,37.03,17.6,96.4,144.4,0.021,True,simulated
485.0,91.8,653.6,19.3,37.0,16.5,96.3,140.2,0.038,True,simulated
486.0,90.9,660.0,19.5,37.01,16.9,96.0,141.9,0.0,True,simulated
487.0,90.6,661.9,20.1,37.0,16.3,96.1,140.5,0.0,True,simulated
488.0,90.1,665.6,20.0,36.99,17.0,96.2,142.9,0.002,True,simulated
489.0,88.6,677.3,20.7,37.01,15.7,96.9,142.4,0.0,True,simulated
490.0,88.3,679.3,23.5,37.02,16.5,96.6,136.2,0.017,True,simulated
491.0,89.0,674.1,24.5,37.03,16.0,96.5,141.1,0.006,True,simulated
492.0,88.4,678.6,24.9,36.98,15.0,96.1,142.2,0.0,True,simulated
493.0,88.2,680.3,24.6,36.99,16.3,97.7,139.4,0.026,True,simulated
494.0,87.3,687.0,24.2,37.02,15.9,97.3,142.6,0.0,True,simulated
495.0,87.8,683.1,24.5,37.02,16.1,97.0,138.6,0.0,True,simulated
496.0,86.8,691.5,25.2,37.01,16.2,96.5,137.7,0.036,True,simulated
497.0,84.8,707.2,25.2,37.0,15.4,96.4,140.2,0.0,True,simulated
498.0,84.9,707.0,26.1,36.98,15.5,96.9,141.8,0.0,True,simulated
499.0,85.9,698.6,26.1,37.03,15.3,96.6,137.0,0.027,True,simulated
500.0,85.0,705.6,26.4,37.02,15.8,97.1,138.9,0.009,True,simulated
501.0,85.1,705.0,28.0,37.0,16.3,96.8,137.3,0.03,True,simulated
502.0,84.7,708.2,28.0,37.0,15.2,97.1,139.4,0.042,True,simulated
503.0,84.8,707.9,28.6,37.01,15.4,97.2,139.9,0.006,True,simulated
504.0,84.6,709.5,28.0,36.95,16.0,97.1,138.0,0.021,True,simulated
505.0,84.0,714.6,28.3,37.06,16.0,96.4,140.7,0.004,True,simulated
506.0,83.5,718.3,28.1,37.03,15.5,96.3,137.4,0.0,True,simulated
507.0,83.9,715.0,27.8,37.0,15.8,97.1,138.4,0.032,True,simulated
508.0,84.5,710.1,27.7,36.94,16.3,96.6,140.2,0.0,True,simulated
509.0,84.9,706.7,27.3,37.0,16.6,95.9,140.5,0.016,True,simulated
510.0,85.0,706.2,24.2,36.97,16.3,95.7,138.9,0.022,True,simulated
511.0,84.7,708.5,25.2,36.99,15.8,96.3,135.9,0.0,True,simulated
512.0,83.6,717.4,23.9,36.96,16.3,96.4,139.2,0.019,True,simulated
513.0,83.4,719.8,23.9,37.02,15.5,96.4,141.3,0.007,True,simulated
514.0,84.1,713.8,23.4,36.98,16.5,95.7,135.3,0.0,True,simulated
515.0,84.3,711.9,23.6,36.96,15.9,95.5,134.9,0.038,True,simulated
516.0,84.2,712.5,22.8,37.0,15.8,96.9,137.7,0.0,True,simulated
517.0,84.9,706.5,22.1,36.98,15.7,96.6,134.9,0.0,True,simulated
518.0,84.4,711.0,24.1,36.91,15.6,96.2,140.8,0.0,True,simulated
519.0,84.6,708.9,23.3,36.94,15.4,95.7,136.5,0.0,True,simulated
520.0,84.4,711.2,22.5,36.89,15.8,95.9,135.8,0.004,True,simulated
521.0,84.1,713.1,22.2,36.95,15.0,95.9,137.3,0.0,True,simulated
522.0,85.5,701.7,20.2,36.93,14.5,96.2,137.4,0.0,True,simulated
523.0,85.0,706.3,21.9,36.9,15.3,95.6,138.2,0.0,True,simulated
524.0,83.9,715.0,21.4,36.88,15.5,96.3,138.0,0.005,True,simulated
525.0,83.6,717.4,22.0,36.91,15.6,96.4,137.8,0.0,True,simulated
526.0,83.7,716.7,21.6,36.9,15.3,96.8,138.8,0.011,True,simulated
527.0,84.4,711.3,22.0,36.81,15.1,96.4,140.2,0.001,True,simulated
528.0,84.4,710.6,21.7,36.85,15.8,96.4,134.9,0.0,True,simulated
529.0,84.5,710.2,21.9,36.85,15.5,95.9,138.3,0.035,True,simulated
530.0,84.5,710.5,22.2,36.9,14.6,96.6,136.7,0.045,True,simulated
531.0,84.2,712.7,22.3,36.85,16.0,96.6,134.6,0.074,True,simulated
532.0,84.4,710.7,23.2,36.88,15.4,96.1,137.7,0.065,True,simulated
533.0,85.2,704.4,23.7,36.85,16.1,96.4,138.5,0.072,True,simulated
534.0,87.6,684.9,23.8,36.86,15.6,96.2,132.3,0.07,True,simulated
535.0,87.6,684.9,23.8,36.85,16.2,95.8,135.8,0.111,True,simulated
536.0,88.8,675.7,25.1,36.83,17.2,96.2,131.2,0.103,True,simulated
537.0,89.4,671.5,25.3,36.81,16.3,96.2,135.4,0.106,True,simulated
538.0,90.0,666.6,23.0,36.82,16.9,96.4,134.4,0.121,True,simulated
539.0,89.9,667.2,23.1,36.78,16.8,96.3,136.4,0.164,True,simulated
540.0,90.5,663.1,24.7,36.9,17.2,96.6,141.3,0.142,True,simulated
541.0,91.7,654.4,24.1,36.79,16.9,96.3,137.5,0.14,True,simulated
542.0,92.5,648.3,24.2,36.82,17.8,96.3,138.3,0.156,True,simulated
543.0,91.8,653.7,22.7,36.83,18.7,97.1,138.3,0.117,True,simulated
544.0,91.4,656.5,22.5,36.77,17.9,96.3,137.7,0.165,True,simulated
545.0,91.4,656.5,22.2,36.78,17.5,97.2,138.2,0.134,True,simulated
546.0,91.7,654.0,24.9,36.81,17.7,97.1,136.4,0.145,True,simulated
547.0,92.0,652.4,24.9,36.84,17.4,96.9,137.9,0.146,True,simulated
548.0,91.2,657.9,25.5,36.88,17.6,97.0,140.6,0.095,True,simulated
549.0,91.3,657.3,25.6,36.84,17.1,96.8,138.6,0.119,True,simulated
550.0,91.3,657.5,25.9,36.78,17.6,96.0,142.2,0.147,True,simulated
551.0,91.9,652.6,25.0,36.84,18.4,96.6,138.3,0.179,True,simulated
552.0,91.3,657.2,24.2,36.78,17.1,96.4,142.0,0.156,True,simulated
553.0,90.7,661.6,24.5,36.77,18.2,96.2,138.6,0.123,True,simulated
554.0,90.4,663.5,24.5,36.8,19.0,96.7,141.9,0.156,True,simulated
555.0,89.8,668.0,24.1,36.72,18.3,97.2,139.7,0.142,True,simulated
556.0,90.4,663.6,24.8,36.76,18.1,97.7,138.9,0.158,True,simulated
557.0,90.4,664.0,24.9,36.83,18.4,96.5,140.1,0.199,True,simulated
558.0,90.9,660.3,25.2,36.84,18.6,96.4,140.7,0.155,True,simulated
559.0,90.7,661.6,24.1,36.75,18.0,97.2,136.7,0.18,True,simulated
560.0,90.7,661.2,24.1,36.8,17.7,97.8,141.6,0.154,True,simulated
561.0,90.3,664.3,23.8,36.78,16.7,97.3,141.7,0.184,True,simulated
562.0,90.0,666.7,24.3,36.8,18.0,97.1,141.4,0.164,True,simulated
563.0,90.2,665.1,25.3,36.84,17.7,97.0,145.3,0.144,True,simulated
564.0,90.2,664.9,25.1,36.82,17.5,96.7,144.1,0.154,True,simulated
565.0,90.7,661.6,22.6,36.81,16.9,96.7,144.1,0.17,True,simulated
566.0,90.6,662.3,22.8,36.74,17.4,96.7,139.0,0.147,True,simulated
567.0,90.2,665.0,21.8,36.79,18.1,97.4,143.5,0.136,True,simulated
568.0,90.2,665.4,21.4,36.81,17.5,97.1,141.4,0.168,True,simulated
569.0,89.2,672.5,22.5,36.76,18.2,97.4,142.5,0.151,True,simulated
570.0,88.8,675.6,22.9,36.84,16.9,97.3,142.5,0.169,True,simulated
571.0,88.4,678.7,22.0,36.75,17.5,96.0,141.1,0.141,True,simulated
572.0,88.7,676.7,22.4,36.9,18.9,97.2,139.2,0.172,True,simulated
573.0,88.8,676.1,22.3,36.8,16.6,97.7,141.7,0.153,True,simulated
574.0,88.6,677.4,20.9,36.87,18.2,97.0,139.7,0.177,True,simulated
575.0,88.3,679.6,20.2,36.8,18.3,96.8,140.9,0.142,True,simulated
576.0,88.4,678.5,20.2,36.79,18.6,97.1,144.1,0.14,True,simulated
577.0,88.3,679.2,19.9,36.83,18.2,96.7,139.6,0.142,True,simulated
578.0,88.8,675.7,19.0,36.88,18.4,97.0,141.0,0.132,True,simulated
579.0,89.0,674.4,18.3,36.8,18.9,96.8,142.9,0.175,True,simulated
580.0,89.3,672.1,19.1,36.84,19.5,96.7,139.3,0.129,True,simulated
581.0,89.0,674.0,19.0,36.88,18.5,96.2,142.1,0.151,True,simulated
582.0,89.0,674.0,18.8,36.82,18.5,96.7,140.8,0.152,True,simulated
583.0,90.1,665.7,20.4,36.89,18.1,96.3,140.1,0.185,True,simulated
584.0,91.9,653.1,20.3,36.85,18.9,96.9,145.8,0.173,True,simulated
585.0,92.5,648.8,21.2,36.8,18.6,96.8,138.0,0.143,True,simulated
586.0,92.0,652.2,20.9,36.9,18.8,96.6,140.8,0.165,True,simulated
587.0,91.3,657.1,20.8,36.86,18.8,96.4,143.0,0.12,True,simulated
588.0,91.1,658.6,20.6,36.88,18.4,96.9,141.1,0.163,True,simulated
589.0,90.3,664.8,20.2,36.86,18.3,96.8,145.0,0.116,True,simulated
590.0,89.8,667.9,20.2,36.84,18.6,96.6,140.1,0.157,True,simulated
591.0,89.5,670.6,20.4,36.83,19.5,96.7,137.7,0.158,True,simulated
592.0,89.4,671.2,20.3,36.89,18.5,97.1,133.4,0.156,True,simulated
593.0,89.6,669.9,20.6,36.84,18.2,97.1,139.0,0.152,True,simulated
594.0,89.2,672.5,20.2,36.86,17.5,96.5,138.0,0.128,True,simulated
595.0,89.1,673.3,20.6,36.86,18.8,97.3,140.9,0.143,True,simulated
596.0,90.1,665.8,21.3,36.85,18.9,97.2,134.8,0.156,True,simulated
597.0,90.5,662.9,21.2,36.87,18.7,97.1,139.3,0.328,True,simulated
598.0,90.9,660.3,21.5,36.8,20.1,96.7,138.4,0.488,True,simulated
599.0,92.2,651.0,22.4,36.83,20.8,96.8,140.2,0.515,True,simulated
600.0,93.4,642.4,22.3,36.83,21.2,96.8,139.1,0.648,True,simulated
601.0,96.9,619.4,21.4,36.86,22.4,96.7,139.4,0.667,True,simulated
602.0,100.4,597.5,20.1,36.89,23.4,96.5,143.1,0.742,True,simulated
603.0,101.6,590.7,20.1,36.79,24.3,96.7,141.8,0.779,True,simulated
604.0,105.3,569.8,18.5,36.83,24.3,97.1,143.5,0.813,True,simulated
605.0,109.2,549.4,18.9,36.85,25.1,96.0,144.8,0.794,True,simulated
606.0,111.4,538.5,18.1,36.8,26.0,96.7,144.8,0.834,True,simulated
607.0,113.7,527.6,18.2,36.82,27.5,96.9,143.2,0.838,True,simulated
608.0,114.6,523.6,18.3,36.83,27.1,96.1,146.2,0.881,True,simulated
609.0,117.4,511.1,17.8,36.79,27.3,96.9,149.4,0.871,True,simulated
610.0,118.0,508.5,17.4,36.87,27.1,96.3,148.1,0.862,True,simulated
611.0,118.5,506.4,17.2,36.95,28.6,96.1,147.0,0.889,True,simulated
612.0,119.8,500.9,16.1,36.87,28.9,96.1,149.7,0.894,True,simulated
613.0,121.3,494.8,16.1,36.84,29.2,96.4,150.6,0.894,True,simulated
614.0,121.4,494.1,14.8,36.88,30.2,96.2,148.1,0.896,True,simulated
615.0,122.5,489.6,13.3,36.87,29.0,96.3,147.5,0.88,True,simulated
616.0,124.4,482.1,13.2,36.92,30.2,95.3,148.6,0.899,True,simulated
617.0,125.0,480.2,11.7,36.88,28.5,96.0,149.9,0.924,True,simulated
618.0,125.5,478.0,12.1,36.87,29.6,96.4,150.8,0.903,True,simulated
619.0,125.1,479.5,11.9,36.89,29.1,96.4,147.6,0.924,True,simulated
620.0,126.6,473.8,11.1,36.87,29.2,95.9,150.3,0.92,True,simulated
621.0,126.3,475.0,11.2,36.85,29.6,96.2,150.7,0.898,True,simulated
622.0,127.5,470.4,10.6,36.91,29.7,96.5,152.6,0.876,True,simulated
623.0,127.2,471.6,10.6,36.88,29.2,97.2,149.2,0.789,True,simulated
624.0,127.9,469.0,10.2,36.83,29.3,96.7,151.7,0.687,True,simulated
625.0,126.6,473.9,9.8,36.87,29.0,96.3,146.0,0.592,True,simulated
626.0,126.0,476.4,9.9,36.86,28.6,96.3,149.2,0.489,True,simulated
627.0,125.2,479.3,10.3,36.87,26.8,96.8,149.7,0.455,True,simulated
628.0,124.2,482.9,10.4,36.89,27.9,95.5,146.0,0.437,True,simulated
629.0,122.4,490.1,10.3,36.9,25.2,96.2,143.2,0.415,True,simulated
630.0,121.9,492.4,10.1,36.83,26.4,96.7,143.6,0.381,True,simulated
631.0,120.6,497.3,9.9,36.84,25.1,96.9,142.8,0.356,True,simulated
632.0,119.2,503.5,9.9,36.83,25.2,95.9,139.8,0.323,True,simulated
633.0,117.9,509.1,9.5,36.87,25.0,97.1,144.4,0.357,True,simulated
634.0,116.5,515.2,9.5,36.88,23.9,96.4,141.2,0.344,True,simulated
635.0,115.9,517.8,9.6,36.81,23.3,95.9,138.9,0.313,True,simulated
636.0,114.8,522.7,9.8,36.84,23.1,96.4,142.1,0.308,True,simulated
637.0,113.7,527.6,10.0,36.87,22.9,96.5,140.5,0.35,True,simulated
638.0,113.2,529.8,10.2,36.82,22.3,96.3,139.6,0.29,True,simulated
639.0,112.1,535.2,9.9,36.8,22.3,96.5,136.6,0.324,True,simulated
640.0,111.2,539.6,9.8,36.85,22.2,96.6,137.3,0.314,True,simulated
641.0,110.2,544.4,9.6,36.87,22.5,96.9,139.8,0.346,True,simulated
642.0,108.6,552.4,10.9,36.83,21.2,97.0,138.7,0.307,True,simulated
643.0,108.8,551.5,11.3,36.79,21.2,97.1,139.2,0.275,True,simulated
644.0,108.4,553.3,11.3,36.8,21.2,96.7,140.1,0.292,True,simulated
645.0,108.4,553.4,11.8,36.81,20.8,97.4,141.2,0.287,True,simulated
646.0,108.5,553.2,12.4,36.83,21.1,97.0,139.4,0.282,True,simulated
647.0,108.0,555.6,12.7,36.79,20.3,96.7,139.3,0.278,True,simulated
648.0,107.0,560.8,13.9,36.79,21.6,96.1,143.9,0.316,True,simulated
649.0,105.7,567.5,14.0,36.8,21.4,97.4,138.8,0.269,True,simulated
650.0,105.2,570.3,14.8,36.76,21.1,96.5,138.7,0.296,True,simulated
651.0,105.0,571.3,14.9,36.77,21.4,97.1,137.9,0.306,True,simulated
652.0,105.5,568.8,14.7,36.81,21.0,96.5,139.4,0.333,True,simulated
653.0,106.1,565.6,15.0,36.8,20.9,96.5,138.5,0.314,True,simulated
654.0,105.3,569.7,15.7,36.75,21.2,97.0,142.0,0.282,True,simulated
655.0,104.7,572.8,15.7,36.73,20.3,96.8,139.3,0.276,True,simulated
656.0,104.2,576.1,16.4,36.72,20.3,97.0,137.6,0.311,True,simulated
657.0,103.4,580.3,16.3,36.75,20.6,97.3,139.7,0.294,True,simulated
658.0,104.0,577.1,17.4,36.77,20.7,97.1,134.3,0.279,True,simulated
659.0,103.5,579.8,18.6,36.78,21.7,97.1,133.8,0.199,True,simulated
660.0,104.1,576.5,19.0,36.76,20.1,96.7,138.9,0.196,True,simulated
661.0,103.4,580.3,18.9,36.8,20.3,97.5,135.7,0.154,True,simulated
662.0,103.8,578.1,19.4,36.79,19.3,97.4,134.2,0.089,True,simulated
663.0,102.0,588.1,18.8,36.73,20.6,97.3,137.7,0.064,True,simulated
664.0,101.2,593.1,18.8,36.79,19.7,96.4,133.2,0.075,True,simulated
665.0,99.7,602.0,18.7,36.82,18.8,97.0,133.6,0.048,True,simulated
666.0,98.4,609.5,18.6,36.82,18.5,97.2,131.9,0.063,True,simulated
667.0,98.0,612.0,18.0,36.82,17.3,97.0,131.0,0.028,True,simulated
668.0,97.2,617.4,18.4,36.78,17.0,97.3,132.1,0.0,True,simulated
669.0,96.4,622.3,18.6,36.79,16.7,97.0,128.5,0.012,True,simulated
670.0,94.8,632.9,18.5,36.82,17.1,97.1,129.0,0.0,True,simulated
671.0,93.1,644.7,19.0,36.83,16.9,97.1,133.2,0.013,True,simulated
672.0,92.0,651.9,19.0,36.78,17.0,97.6,133.2,0.0,True,simulated
673.0,91.1,658.6,19.3,36.8,17.0,97.2,126.2,0.002,True,simulated
674.0,90.6,662.3,19.1,36.79,15.1,97.5,129.4,0.013,True,simulated
675.0,90.9,660.3,18.4,36.79,17.0,96.5,129.9,0.0,True,simulated
676.0,89.8,668.1,18.7,36.78,17.2,97.4,127.5,0.0,True,simulated
677.0,89.1,673.5,19.0,36.82,16.3,97.1,131.1,0.0,True,simulated
678.0,88.3,679.7,18.1,36.82,16.6,97.4,130.0,0.0,True,simulated
679.0,88.2,680.2,18.4,36.81,17.0,96.3,129.1,0.001,True,simulated
680.0,88.0,681.4,17.8,36.75,17.1,95.9,128.0,0.011,True,simulated
681.0,87.5,685.3,17.8,36.73,15.7,97.2,126.7,0.019,True,simulated
682.0,86.7,692.2,19.0,36.75,16.8,96.6,126.5,0.0,True,simulated
683.0,85.3,703.0,19.9,36.78,16.7,96.4,129.1,0.0,True,simulated
684.0,83.7,716.9,21.6,36.8,16.3,96.4,127.7,0.0,True,simulated
685.0,82.9,723.7,22.0,36.73,16.3,96.6,129.0,0.039,True,simulated
686.0,82.7,725.8,21.9,36.77,16.9,97.3,125.1,0.018,True,simulated
687.0,83.2,721.4,22.6,36.79,16.1,97.0,129.3,0.0,True,simulated
688.0,82.5,727.6,22.4,36.77,16.0,96.9,125.4,0.0,True,simulated
689.0,82.9,724.0,22.8,36.81,15.4,97.0,127.5,0.017,True,simulated
690.0,82.4,727.7,24.3,36.79,16.2,96.9,126.5,0.027,True,simulated
691.0,82.3,729.5,25.1,36.76,16.1,96.4,122.5,0.02,True,simulated
692.0,82.2,729.5,24.4,36.76,15.9,96.8,125.1,0.002,True,simulated
693.0,82.4,728.0,24.4,36.77,16.4,96.8,126.8,0.0,True,simulated
694.0,82.5,727.3,25.2,36.76,16.9,96.7,127.1,0.0,True,simulated
695.0,82.0,731.5,25.2,36.73,16.1,95.8,126.4,0.018,True,simulated
696.0,81.5,736.3,24.5,36.76,16.5,96.5,125.9,0.0,True,simulated
697.0,80.7,743.5,25.1,36.77,17.1,96.3,128.8,0.0,True,simulated
698.0,80.2,747.7,24.3,36.77,16.4,96.1,127.8,0.004,True,simulated
699.0,80.1,749.1,24.9,36.74,16.6,95.6,125.7,0.0,True,simulated
700.0,80.3,747.0,24.7,36.7,16.6,95.6,124.1,0.007,True,simulated
701.0,80.7,743.4,26.5,36.66,16.7,96.2,127.8,0.004,True,simulated
702.0,80.5,745.5,26.4,36.71,17.2,96.4,124.5,0.0,True,simulated
703.0,80.6,744.6,27.7,36.72,16.7,96.6,127.8,0.031,True,simulated
704.0,79.1,758.5,26.7,36.76,16.4,95.8,124.2,0.0,True,simulated
705.0,78.9,760.7,26.9,36.7,16.2,97.1,127.3,0.04,True,simulated
706.0,78.8,761.2,25.0,36.72,15.8,96.6,125.7,0.0,True,simulated
707.0,77.6,773.2,27.1,36.74,16.6,96.2,127.3,0.01,True,simulated
708.0,77.3,776.5,26.7,36.73,16.0,95.9,125.3,0.032,True,simulated
709.0,76.4,785.8,27.6,36.75,15.9,96.7,123.8,0.007,True,simulated
710.0,76.3,786.6,29.3,36.69,16.0,96.4,121.6,0.0,True,simulated
711.0,74.6,804.6,28.5,36.72,16.4,96.3,122.7,0.0,True,simulated
712.0,73.5,816.6,28.5,36.73,16.0,95.8,125.7,0.0,True,simulated
713.0,73.3,818.5,27.9,36.72,15.0,96.5,121.5,0.003,True,simulated
714.0,72.6,826.4,28.0,36.72,15.0,97.2,120.8,0.037,True,simulated
715.0,72.0,832.9,28.1,36.7,15.4,96.6,121.8,0.0,True,simulated
716.0,70.6,850.3,28.1,36.76,15.0,96.8,121.5,0.0,True,simulated
717.0,70.3,853.6,28.6,36.75,14.4,96.9,122.3,0.005,True,simulated
718.0,70.0,857.0,28.8,36.76,14.9,96.8,120.0,0.006,True,simulated
719.0,69.2,867.5,30.5,36.75,14.6,96.7,119.9,0.01,True,simulated
720.0,68.2,879.7,30.1,36.72,14.5,96.8,118.0,0.036,True,simulated
721.0,68.1,881.6,30.2,36.68,13.9,97.1,124.3,0.0,True,simulated
722.0,68.2,879.7,31.7,36.74,14.0,96.9,125.5,0.0,True,simulated
723.0,67.9,883.1,32.2,36.77,13.0,96.9,119.3,0.0,True,simulated
724.0,67.8,885.4,32.6,36.76,14.4,96.1,121.0,0.0,True,simulated
725.0,67.5,888.5,31.2,36.73,14.3,96.8,122.5,0.006,True,simulated
726.0,67.0,896.2,31.7,36.71,14.1,96.0,122.5,0.0,True,simulated
727.0,66.9,896.3,31.4,36.77,13.6,96.7,122.9,0.032,True,simulated
728.0,66.5,902.4,34.4,36.7,14.2,97.0,123.4,0.005,True,simulated
729.0,66.2,906.3,34.1,36.79,14.4,96.6,125.2,0.0,True,simulated
730.0,66.0,909.1,34.0,36.69,13.2,96.9,125.0,0.0,True,simulated
731.0,65.9,909.8,34.8,36.63,14.7,97.3,122.9,0.0,True,simulated
732.0,65.2,920.5,34.1,36.74,14.8,96.2,117.8,0.0,True,simulated
733.0,64.7,928.0,33.9,36.75,13.7,97.4,120.3,0.0,True,simulated
734.0,64.4,931.4,32.9,36.7,14.5,96.7,122.9,0.0,True,simulated
735.0,63.7,942.2,31.4,36.73,14.1,97.1,121.1,0.0,True,simulated
736.0,62.6,958.7,31.8,36.69,14.6,97.6,126.4,0.0,True,simulated
737.0,61.9,970.0,32.0,36.73,15.0,96.4,124.6,0.047,True,simulated
738.0,61.7,972.5,31.6,36.68,14.9,96.9,125.2,0.004,True,simulated
739.0,61.6,974.7,31.8,36.71,14.2,97.0,124.5,0.051,True,simulated
740.0,61.6,973.8,31.7,36.75,15.0,97.7,125.2,0.023,True,simulated
741.0,61.5,976.1,33.1,36.7,14.1,97.1,122.0,0.0,True,simulated
742.0,61.8,971.2,33.3,36.71,15.6,97.4,122.5,0.0,True,simulated
743.0,62.0,967.0,32.5,36.68,14.7,97.0,121.6,0.0,True,simulated
744.0,61.9,969.2,32.1,36.64,15.8,97.0,120.8,0.0,True,simulated
745.0,60.9,985.0,33.1,36.68,14.7,97.0,128.7,0.0,True,simulated
746.0,60.8,986.5,31.6,36.7,14.2,97.8,125.9,0.0,True,simulated
747.0,61.4,977.0,34.4,36.64,13.5,96.6,120.1,0.0,True,simulated
748.0,61.2,980.3,35.3,36.71,14.3,97.2,123.3,0.023,True,simulated
749.0,60.9,985.6,34.3,36.66,14.9,97.1,126.5,0.004,True,simulated
750.0,61.1,982.3,34.3,36.7,14.3,97.0,125.6,0.0,True,simulated
751.0,61.7,973.2,34.2,36.66,15.0,96.3,123.7,0.015,True,simulated
752.0,61.5,975.6,34.0,36.7,14.0,97.3,125.0,0.01,True,simulated
753.0,61.2,980.8,35.7,36.72,14.9,97.4,125.6,0.063,True,simulated
754.0,61.8,970.7,36.5,36.67,15.5,96.6,125.6,0.09,True,simulated
755.0,63.3,947.8,37.3,36.67,16.0,97.2,130.4,0.16,True,simulated
756.0,64.9,925.2,35.4,36.73,16.3,96.7,127.8,0.18,True,simulated
757.0,69.2,867.4,35.4,36.65,16.2,96.7,125.8,0.23,True,simulated
758.0,71.6,837.9,34.9,36.68,16.4,96.6,127.2,0.237,True,simulated
759.0,73.8,813.3,35.4,36.75,17.3,96.5,131.7,0.24,True,simulated
760.0,75.6,793.2,34.8,36.73,18.0,95.9,126.9,0.264,True,simulated
761.0,78.4,765.7,34.6,36.72,18.5,96.0,129.9,0.268,True,simulated
762.0,80.2,748.2,35.5,36.71,18.5,96.5,130.6,0.273,True,simulated
763.0,81.7,734.2,34.8,36.71,18.7,96.2,132.1,0.252,True,simulated
764.0,82.9,723.4,34.7,36.71,18.1,96.6,135.5,0.268,True,simulated
765.0,84.4,711.2,35.2,36.72,20.9,96.5,135.8,0.282,True,simulated
766.0,85.6,701.1,34.7,36.68,19.2,96.5,134.1,0.291,True,simulated
767.0,86.4,694.2,34.6,36.73,19.4,96.4,134.2,0.305,True,simulated
768.0,88.3,679.6,34.8,36.69,19.3,97.0,136.7,0.297,True,simulated
769.0,88.3,679.6,33.6,36.72,19.5,96.0,138.2,0.264,True,simulated
770.0,89.8,667.9,30.5,36.72,20.8,96.3,136.3,0.303,True,simulated
771.0,90.2,665.5,29.5,36.74,19.9,97.0,138.5,0.305,True,simulated
772.0,91.3,657.4,30.5,36.64,20.7,96.9,138.5,0.289,True,simulated
773.0,90.5,662.8,30.0,36.69,20.5,96.8,139.7,0.301,True,simulated
774.0,91.6,655.1,28.1,36.7,20.8,96.6,137.7,0.313,True,simulated
775.0,91.1,658.8,26.5,36.78,21.1,96.6,139.9,0.332,True,simulated
776.0,91.7,654.3,23.0,36.71,20.6,97.0,142.5,0.278,True,simulated
777.0,92.5,648.5,22.9,36.68,20.4,97.2,140.6,0.308,True,simulated
778.0,93.7,640.0,23.3,36.76,20.2,96.4,139.7,0.323,True,simulated
779.0,93.2,643.9,23.1,36.71,20.6,96.8,141.1,0.282,True,simulated
780.0,94.1,637.9,23.3,36.66,22.1,95.8,137.5,0.311,True,simulated
781.0,92.6,648.2,22.5,36.68,21.4,96.7,138.1,0.323,True,simulated
782.0,93.0,645.1,22.3,36.63,21.0,96.5,139.1,0.293,True,simulated
783.0,93.3,642.9,22.3,36.66,21.4,96.5,138.3,0.288,True,simulated
784.0,93.1,644.4,22.4,36.7,20.9,96.2,139.9,0.286,True,simulated
785.0,93.4,642.3,20.9,36.7,20.5,96.4,142.6,0.332,True,simulated
786.0,93.5,641.5,20.8,36.7,21.7,96.5,135.1,0.314,True,simulated
787.0,92.9,645.5,20.0,36.7,21.3,96.4,141.8,0.34,True,simulated
788.0,92.9,645.8,20.1,36.71,21.7,96.5,137.6,0.295,True,simulated
789.0,92.8,646.4,20.2,36.74,22.5,96.2,140.1,0.286,True,simulated
790.0,92.8,646.9,18.8,36.71,22.6,96.7,140.7,0.26,True,simulated
791.0,93.6,640.8,18.7,36.71,22.2,96.6,139.0,0.332,True,simulated
792.0,94.2,636.7,17.5,36.75,22.1,96.2,142.0,0.34,True,simulated
793.0,94.4,635.5,17.5,36.75,22.1,95.9,139.1,0.33,True,simulated
794.0,95.1,631.1,18.0,36.72,22.1,96.4,144.9,0.33,True,simulated
795.0,95.2,630.1,18.0,36.75,22.3,95.8,141.0,0.4,True,simulated
796.0,95.3,629.6,17.3,36.68,22.2,95.3,139.7,0.42,True,simulated
797.0,97.2,617.3,18.3,36.76,23.0,95.1,141.8,0.45,True,simulated
798.0,97.4,616.2,18.2,36.77,22.7,96.9,142.2,0.443,True,simulated
799.0,99.9,600.4,18.1,36.76,23.4,96.4,143.3,0.481,True,simulated
800.0,100.0,600.0,18.0,36.76,22.8,96.7,142.9,0.467,True,simulated
801.0,100.5,597.2,18.0,36.75,23.8,95.7,143.5,0.464,True,simulated
802.0,102.2,587.0,17.2,36.76,23.0,96.0,144.9,0.485,True,simulated
803.0,103.2,581.6,17.1,36.79,23.6,96.5,137.1,0.498,True,simulated
804.0,105.4,569.4,18.1,36.73,23.5,95.9,142.5,0.457,True,simulated
805.0,105.5,568.8,18.0,36.72,23.6,96.3,140.0,0.457,True,simulated
806.0,105.7,567.6,17.8,36.74,24.3,95.8,143.4,0.493,True,simulated
807.0,106.2,565.1,17.8,36.74,24.4,95.9,146.1,0.519,True,simulated
808.0,106.9,561.2,17.8,36.75,24.7,95.7,147.1,0.489,True,simulated
809.0,107.7,557.1,17.8,36.73,24.2,95.3,141.2,0.499,True,simulated
810.0,108.6,552.6,18.0,36.73,24.5,96.3,145.0,0.501,True,simulated
811.0,107.9,555.9,18.3,36.73,24.5,96.1,140.1,0.513,True,simulated
812.0,109.4,548.6,18.7,36.77,25.4,95.9,143.5,0.47,True,simulated
813.0,108.9,550.9,16.8,36.71,24.8,96.0,145.2,0.512,True,simulated
814.0,109.8,546.2,16.6,36.75,25.7,96.8,142.8,0.508,True,simulated
815.0,109.6,547.5,16.6,36.76,25.0,96.3,144.3,0.507,True,simulated
816.0,109.7,547.1,16.0,36.76,24.8,96.0,144.7,0.508,True,simulated
817.0,109.7,546.8,16.0,36.78,24.2,96.4,144.9,0.481,True,simulated
818.0,109.4,548.5,15.1,36.68,24.9,95.9,144.2,0.513,True,simulated
819.0,109.8,546.4,14.7,36.69,24.3,96.9,145.5,0.535,True,simulated
820.0,109.4,548.4,13.9,36.72,25.7,95.8,144.4,0.477,True,simulated
821.0,109.9,546.0,14.0,36.74,25.5,96.0,142.0,0.49,True,simulated
822.0,110.9,541.1,13.8,36.71,25.8,96.2,147.9,0.519,True,simulated
823.0,111.0,540.7,13.1,36.67,25.2,96.8,144.6,0.512,True,simulated
824.0,111.1,539.9,12.8,36.69,25.1,96.4,143.2,0.49,True,simulated
825.0,111.0,540.7,12.8,36.66,24.7,96.8,145.6,0.55,True,simulated
826.0,111.0,540.7,10.5,36.66,24.5,96.9,147.0,0.497,True,simulated
827.0,111.5,538.3,10.7,36.66,25.6,97.4,142.8,0.516,True,simulated
828.0,110.4,543.5,10.7,36.72,26.4,97.2,146.5,0.544,True,simulated
829.0,111.1,540.2,11.1,36.64,26.1,96.4,142.9,0.549,True,simulated
830.0,110.7,542.2,11.0,36.63,25.7,96.7,146.6,0.516,True,simulated
831.0,111.4,538.7,10.6,36.67,26.1,96.8,145.5,0.474,True,simulated
832.0,110.9,541.1,11.4,36.65,25.7,97.1,145.7,0.498,True,simulated
833.0,111.2,539.5,12.6,36.67,24.7,96.5,143.3,0.49,True,simulated
834.0,111.2,539.8,12.4,36.68,25.1,96.4,146.6,0.509,True,simulated
835.0,111.4,538.8,12.4,36.7,25.2,97.0,150.3,0.503,True,simulated
836.0,111.3,539.3,11.9,36.66,25.5,96.8,142.4,0.48,True,simulated
837.0,110.3,543.8,11.9,36.65,25.2,97.6,147.6,0.496,True,simulated
838.0,111.5,538.3,12.7,36.65,24.7,96.3,152.0,0.493,True,simulated
839.0,111.1,540.1,13.3,36.64,25.0,96.9,147.7,0.518,True,simulated
840.0,112.4,533.6,13.8,36.6,25.3,96.8,148.9,0.525,True,simulated
841.0,112.2,534.6,13.8,36.65,26.5,96.1,149.2,0.498,True,simulated
842.0,112.2,534.8,14.3,36.65,24.4,96.3,148.2,0.521,True,simulated
843.0,112.0,535.6,13.9,36.62,25.5,96.1,149.7,0.481,True,simulated
844.0,112.2,535.0,13.3,36.65,25.4,96.5,152.8,0.518,True,simulated
845.0,113.0,530.9,13.1,36.66,24.6,96.9,148.1,0.516,True,simulated
846.0,113.6,528.4,13.7,36.65,25.3,96.4,150.3,0.491,True,simulated
847.0,113.6,528.4,13.7,36.61,25.2,96.2,148.3,0.494,True,simulated
848.0,113.6,528.2,13.5,36.65,25.5,96.3,148.7,0.475,True,simulated
849.0,112.9,531.2,12.8,36.68,24.4,95.6,149.4,0.512,True,simulated
850.0,113.2,529.9,12.5,36.58,24.4,97.0,148.6,0.507,True,simulated
851.0,114.0,526.1,13.0,36.65,24.3,96.6,146.6,0.533,True,simulated
852.0,114.6,523.7,13.5,36.68,24.0,96.2,145.2,0.463,True,simulated
853.0,115.2,520.8,13.7,36.61,24.3,96.0,148.1,0.512,True,simulated
854.0,114.0,526.5,13.3,36.63,25.0,96.7,146.4,0.467,True,simulated
855.0,114.5,523.9,13.7,36.66,25.4,96.0,150.7,0.551,True,simulated
856.0,114.9,522.1,13.7,36.64,25.8,96.7,150.4,0.485,True,simulated
857.0,116.0,517.2,13.1,36.64,24.5,96.1,145.2,0.536,True,simulated
858.0,115.5,519.6,12.7,36.71,25.0,96.8,150.1,0.518,True,simulated
859.0,114.8,522.7,13.5,36.68,25.5,97.1,149.7,0.518,True,simulated
860.0,114.8,522.7,13.9,36.62,25.4,96.9,146.2,0.482,True,simulated
861.0,114.2,525.2,13.5,36.68,25.8,95.7,143.5,0.404,True,simulated
862.0,114.8,522.8,13.2,36.7,25.9,96.7,147.5,0.385,True,simulated
863.0,114.1,525.9,12.9,36.67,25.7,96.0,144.1,0.38,True,simulated
864.0,114.2,525.2,12.7,36.68,24.0,96.4,147.5,0.38,True,simulated
865.0,114.3,525.1,12.7,36.66,23.7,97.8,144.0,0.324,True,simulated
866.0,113.3,529.4,12.7,36.62,25.0,96.4,148.5,0.314,True,simulated
867.0,112.3,534.5,12.3,36.66,23.6,96.9,150.3,0.318,True,simulated
868.0,111.6,537.7,13.0,36.63,24.3,96.3,146.4,0.318,True,simulated
869.0,111.2,539.3,12.9,36.64,22.7,96.6,144.8,0.337,True,simulated
870.0,110.4,543.3,12.5,36.65,24.0,96.6,146.0,0.314,True,simulated
871.0,109.2,549.2,12.3,36.67,22.2,96.7,144.8,0.34,True,simulated
872.0,110.1,545.2,12.6,36.61,23.6,96.0,144.9,0.298,True,simulated
873.0,109.8,546.3,12.5,36.61,23.4,97.5,142.0,0.369,True,simulated
874.0,108.4,553.3,14.8,36.65,23.2,96.2,149.2,0.329,True,simulated
875.0,108.6,552.3,14.8,36.61,22.4,96.1,145.3,0.279,True,simulated
876.0,108.0,555.6,14.6,36.7,22.4,96.7,148.4,0.315,True,simulated
877.0,108.6,552.4,14.9,36.72,23.1,97.2,147.5,0.32,True,simulated
878.0,108.1,555.0,14.8,36.66,22.3,96.5,143.8,0.325,True,simulated
879.0,107.0,560.6,15.0,36.75,22.4,97.5,143.9,0.286,True,simulated
880.0,106.5,563.4,14.8,36.74,22.0,96.7,147.0,0.304,True,simulated
881.0,106.4,563.7,15.3,36.74,23.0,96.8,143.8,0.315,True,simulated
882.0,106.4,564.2,16.1,36.79,22.7,96.2,143.2,0.266,True,simulated
883.0,107.0,561.0,16.6,36.72,22.2,97.2,143.4,0.325,True,simulated
884.0,106.4,564.1,16.7,36.7,22.7,96.9,145.9,0.316,True,simulated
885.0,106.2,564.7,16.2,36.68,21.9,97.0,140.7,0.312,True,simulated
886.0,105.4,569.1,15.9,36.69,22.9,96.8,144.8,0.29,True,simulated
887.0,105.1,570.8,16.4,36.79,22.8,98.3,141.1,0.337,True,simulated
888.0,105.6,568.3,16.5,36.72,22.2,96.9,144.4,0.332,True,simulated
889.0,105.0,571.5,16.7,36.74,23.1,97.6,142.7,0.284,True,simulated
890.0,105.0,571.2,15.2,36.75,22.2,97.3,144.4,0.319,True,simulated
891.0,104.9,572.2,14.4,36.83,22.9,96.5,139.6,0.335,True,simulated
892.0,105.1,571.1,14.3,36.77,22.4,97.7,141.3,0.285,True,simulated
893.0,105.2,570.5,14.5,36.71,22.0,97.6,144.7,0.286,True,simulated
894.0,105.1,570.6,14.7,36.77,21.5,98.1,147.9,0.274,True,simulated
895.0,104.7,572.9,14.8,36.76,22.4,98.0,144.1,0.325,True,simulated
896.0,104.8,572.5,15.3,36.81,21.3,97.5,142.6,0.284,True,simulated
897.0,105.1,570.9,15.5,36.83,21.2,97.6,145.3,0.312,True,simulated
898.0,105.8,567.3,14.7,36.79,21.6,97.5,147.4,0.315,True,simulated
899.0,106.1,565.7,14.5,36.77,21.4,97.0,142.5,0.316,True,simulated
900.0,105.6,568.4,15.1,36.81,21.5,97.3,143.2,0.278,True,simulated
901.0,105.2,570.5,14.9,36.83,21.8,96.7,145.8,0.28,True,simulated
902.0,104.7,573.1,15.2,36.76,21.1,97.9,144.4,0.255,True,simulated
903.0,104.7,573.3,14.7,36.8,21.9,97.5,144.6,0.281,True,simulated
904.0,104.9,571.9,14.7,36.8,21.0,97.8,143.7,0.268,True,simulated
905.0,105.1,571.0,15.1,36.77,20.6,97.7,144.9,0.322,True,simulated
906.0,104.5,574.2,16.1,36.81,21.8,97.2,142.9,0.315,True,simulated
907.0,103.8,577.8,16.4,36.79,21.9,98.0,142.8,0.308,True,simulated
908.0,104.1,576.2,16.4,36.76,21.7,98.5,141.7,0.285,True,simulated
909.0,103.9,577.3,16.7,36.83,21.3,98.1,148.1,0.334,True,simulated
910.0,104.6,573.9,17.0,36.78,20.9,97.4,143.3,0.302,True,simulated
911.0,103.4,580.1,17.5,36.86,21.3,97.7,144.7,0.271,True,simulated
912.0,103.4,580.4,17.4,36.74,22.2,97.1,140.6,0.279,True,simulated
913.0,103.3,580.6,17.1,36.87,21.1,97.1,144.6,0.369,True,simulated
914.0,104.0,576.9,17.1,36.86,21.4,97.7,145.0,0.328,True,simulated
915.0,104.7,572.9,17.1,36.8,21.3,97.8,146.5,0.379,True,simulated
916.0,104.6,573.5,16.6,36.83,21.8,97.7,146.0,0.454,True,simulated
917.0,106.2,564.7,16.2,36.82,21.2,97.4,143.8,0.443,True,simulated
918.0,106.7,562.2,16.7,36.78,21.7,97.6,142.7,0.492,True,simulated
919.0,107.6,557.5,16.6,36.85,22.8,97.6,146.4,0.466,True,simulated
920.0,108.0,555.6,16.8,36.77,21.4,97.4,143.8,0.501,True,simulated
921.0,108.4,553.6,16.3,36.82,21.3,96.9,143.8,0.462,True,simulated
922.0,109.5,548.0,16.6,36.76,22.5,97.4,143.3,0.479,True,simulated
923.0,110.0,545.5,15.7,36.8,21.6,97.0,145.6,0.461,True,simulated
924.0,110.4,543.5,15.9,36.82,21.9,97.5,144.1,0.499,True,simulated
925.0,111.3,539.3,16.1,36.84,22.2,97.7,147.2,0.459,True,simulated
926.0,111.1,540.1,16.1,36.85,22.6,97.2,144.5,0.484,True,simulated
927.0,111.2,539.6,15.8,36.82,22.0,97.2,146.8,0.524,True,simulated
928.0,111.3,539.1,16.4,36.76,22.1,96.7,151.0,0.51,True,simulated
929.0,112.5,533.2,15.7,36.81,22.6,97.1,150.0,0.497,True,simulated
930.0,112.6,532.9,15.9,36.78,21.9,97.8,149.9,0.507,True,simulated
931.0,112.0,535.9,16.4,36.83,22.5,96.8,150.0,0.507,True,simulated
932.0,112.1,535.3,16.6,36.88,22.2,96.8,149.0,0.531,True,simulated
933.0,112.1,535.3,16.6,36.81,22.6,97.1,150.8,0.495,True,simulated
934.0,112.0,535.8,16.5,36.82,23.0,96.7,151.3,0.504,True,simulated
935.0,111.8,536.8,16.4,36.82,22.7,96.9,149.5,0.492,True,simulated
936.0,110.7,542.2,16.1,36.87,23.0,96.7,152.4,0.498,True,simulated
937.0,110.9,541.2,15.5,36.83,23.1,96.7,149.5,0.484,True,simulated
938.0,111.0,540.4,16.3,36.82,23.2,96.4,149.1,0.482,True,simulated
939.0,110.9,541.2,15.5,36.91,22.3,97.1,147.0,0.506,True,simulated
940.0,110.2,544.6,15.5,36.85,22.9,97.0,146.9,0.51,True,simulated
941.0,110.1,545.0,14.8,36.88,22.9,96.8,152.3,0.525,True,simulated
942.0,109.5,547.9,14.8,36.86,23.2,96.8,150.5,0.525,True,simulated
943.0,109.5,547.9,14.5,36.9,23.8,96.4,148.2,0.498,True,simulated
944.0,109.5,547.8,14.5,36.92,22.8,97.0,150.0,0.512,True,simulated
945.0,109.2,549.2,14.1,36.92,22.7,96.4,151.7,0.471,True,simulated
946.0,109.0,550.5,14.1,36.97,22.3,96.5,150.3,0.451,True,simulated
947.0,108.4,553.3,13.9,36.91,22.1,96.2,148.7,0.515,True,simulated
948.0,108.5,553.1,14.5,36.91,23.1,96.2,147.6,0.487,True,simulated
949.0,108.2,554.3,13.7,36.95,23.1,97.0,146.0,0.534,True,simulated
950.0,108.0,555.4,14.3,36.9,24.0,96.7,148.4,0.504,True,simulated
951.0,108.8,551.3,14.1,36.94,22.1,97.0,148.0,0.482,True,simulated
952.0,108.3,554.2,14.9,37.01,22.0,96.3,149.5,0.481,True,simulated
953.0,109.8,546.5,15.6,36.99,21.6,96.3,151.8,0.491,True,simulated
954.0,109.5,548.0,14.6,36.95,22.8,97.5,149.5,0.497,True,simulated
955.0,109.6,547.3,14.9,37.04,23.0,97.1,147.6,0.479,True,simulated
956.0,109.6,547.6,14.7,37.01,22.4,95.6,145.3,0.473,True,simulated
957.0,109.5,547.7,14.5,37.02,23.5,96.3,151.6,0.48,True,simulated
958.0,109.2,549.3,14.1,37.01,22.9,96.9,149.8,0.493,True,simulated
959.0,109.7,547.2,14.4,37.0,23.5,95.9,149.0,0.528,True,simulated
960.0,110.0,545.2,13.9,37.02,23.9,96.3,149.5,0.482,True,simulated
961.0,110.9,540.9,14.3,37.0,24.2,96.6,148.8,0.505,True,simulated
962.0,109.9,545.9,14.3,36.97,24.1,96.5,149.0,0.513,True,simulated
963.0,110.4,543.4,13.5,36.99,24.7,97.0,148.0,0.479,True,simulated
964.0,110.3,544.0,13.4,36.94,23.8,95.4,146.1,0.486,True,simulated
965.0,110.3,544.0,13.8,36.99,24.3,96.1,150.4,0.494,True,simulated
966.0,110.8,541.5,13.3,36.92,23.9,97.1,149.9,0.506,True,simulated
967.0,110.3,544.1,13.7,36.96,23.4,96.2,147.3,0.473,True,simulated
968.0,111.2,539.8,13.1,36.98,23.8,95.8,146.8,0.506,True,simulated
969.0,110.9,541.3,13.0,36.95,24.5,96.0,149.3,0.489,True,simulated
970.0,110.7,542.0,13.3,36.94,24.7,95.9,146.7,0.5,True,simulated
971.0,111.3,538.9,13.5,36.97,25.2,96.6,146.3,0.559,True,simulated
972.0,111.0,540.5,13.6,36.97,24.4,96.3,148.9,0.602,True,simulated
973.0,110.6,542.4,13.2,37.01,24.9,96.7,143.1,0.602,True,simulated
974.0,111.2,539.6,13.7,37.02,25.3,96.1,149.6,0.639,True,simulated
975.0,112.1,535.1,14.0,36.96,25.3,96.3,152.6,0.628,True,simulated
976.0,113.2,529.9,13.6,36.99,24.7,96.5,148.3,0.659,True,simulated
977.0,113.5,528.6,13.5,37.03,25.7,97.2,152.5,0.666,True,simulated
978.0,114.5,524.2,14.1,36.95,25.0,96.7,152.9,0.692,True,simulated
979.0,115.3,520.4,14.0,36.98,25.3,96.7,151.9,0.671,True,simulated
980.0,115.5,519.5,14.3,36.93,24.8,96.8,150.5,0.664,True,simulated
981.0,115.3,520.5,13.8,36.99,25.8,96.7,152.1,0.704,True,simulated
982.0,115.9,517.7,13.6,36.93,25.0,97.1,151.3,0.681,True,simulated
983.0,116.8,513.7,13.6,37.02,24.7,96.5,148.8,0.66,True,simulated
984.0,117.1,512.4,12.9,36.96,25.7,97.1,150.8,0.728,True,simulated
985.0,118.0,508.5,12.7,37.0,25.8,96.6,149.0,0.661,True,simulated
986.0,118.2,507.6,12.2,36.98,26.9,97.2,149.8,0.663,True,simulated
987.0,119.0,504.1,12.3,37.01,25.9,96.5,149.3,0.679,True,simulated
988.0,119.0,504.1,12.3,37.0,25.6,96.6,151.6,0.656,True,simulated
989.0,118.6,505.7,11.4,36.99,25.7,96.1,149.9,0.701,True,simulated
990.0,119.0,504.3,11.3,36.99,25.1,96.6,148.6,0.693,True,simulated
991.0,118.7,505.5,11.8,37.0,25.0,96.3,151.2,0.709,True,simulated
992.0,119.6,501.8,11.8,36.98,25.8,96.7,150.5,0.69,True,simulated
993.0,119.8,500.9,11.0,37.03,24.7,96.2,151.3,0.732,True,simulated
994.0,120.2,499.2,11.6,37.0,24.7,96.9,154.2,0.745,True,simulated
995.0,120.3,498.8,11.2,36.98,26.9,96.5,152.2,0.692,True,simulated
996.0,121.1,495.5,11.4,37.0,25.9,96.9,153.1,0.689,True,simulated
997.0,121.1,495.3,11.1,37.0,26.0,95.7,154.1,0.704,True,simulated
998.0,120.9,496.2,12.1,37.03,25.2,96.2,150.7,0.674,True,simulated
999.0,120.2,499.0,11.7,37.01,26.1,96.2,152.3,0.721,True,simulated
1000.0,119.5,502.2,12.3,37.0,25.7,97.0,152.4,0.689,True,simulated
1001.0,120.1,499.6,12.1,37.09,25.9,97.3,150.9,0.691,True,simulated
1002.0,120.0,499.9,12.5,37.08,26.3,96.3,148.7,0.695,True,simulated
1003.0,120.0,499.8,13.0,37.03,26.2,96.2,147.8,0.705,True,simulated
1004.0,120.2,499.3,12.9,37.02,26.3,96.2,147.9,0.674,True,simulated
1005.0,120.7,497.0,12.2,37.05,25.9,96.1,151.6,0.54,True,simulated
1006.0,121.2,495.2,12.6,37.0,26.0,97.5,146.1,0.44,True,simulated
1007.0,120.0,500.0,13.2,36.99,23.5,96.2,148.6,0.308,True,simulated
1008.0,118.4,506.7,12.9,37.01,23.6,96.5,144.3,0.283,True,simulated
1009.0,115.5,519.4,12.2,37.04,23.5,96.5,145.2,0.184,True,simulated
1010.0,113.5,528.6,12.0,37.01,23.5,96.3,144.5,0.18,True,simulated
1011.0,111.1,540.1,12.7,37.01,22.7,96.9,141.2,0.139,True,simulated
1012.0,110.2,544.7,12.7,36.98,21.4,96.4,142.6,0.067,True,simulated
1013.0,106.9,561.1,13.0,37.0,19.9,96.1,144.5,0.028,True,simulated
1014.0,106.0,565.9,13.7,37.02,19.6,96.5,140.2,0.058,True,simulated
1015.0,103.4,580.2,16.3,37.05,19.8,96.7,138.4,0.075,True,simulated
1016.0,102.5,585.4,16.5,37.05,18.6,96.4,138.3,0.03,True,simulated
1017.0,99.9,600.8,16.9,37.03,18.6,96.4,138.4,0.036,True,simulated
1018.0,98.8,607.2,17.8,37.06,17.1,96.4,138.2,0.048,True,simulated
1019.0,97.1,618.0,18.2,37.03,17.1,97.1,135.5,0.016,True,simulated
1020.0,93.7,640.6,18.4,37.03,17.5,97.1,139.0,0.052,True,simulated
1021.0,92.9,645.7,18.5,37.04,16.5,96.6,134.2,0.0,True,simulated
1022.0,91.4,656.6,20.3,37.07,16.8,96.5,134.6,0.0,True,simulated
1023.0,91.0,659.1,20.2,37.09,15.7,96.6,136.7,0.007,True,simulated
1024.0,90.0,666.8,19.9,37.05,16.2,96.1,130.6,0.021,True,simulated
1025.0,89.9,667.1,20.0,37.01,16.2,95.9,131.5,0.033,True,simulated
1026.0,88.3,679.8,20.7,37.06,16.1,96.2,131.3,0.0,True,simulated
1027.0,87.4,686.2,20.8,37.0,16.2,96.9,135.5,0.0,True,simulated
1028.0,87.1,689.2,20.8,37.03,16.2,96.5,133.5,0.0,True,simulated
1029.0,86.8,690.9,21.9,37.06,16.1,96.6,130.5,0.011,True,simulated
1030.0,86.2,696.2,21.7,37.01,16.4,96.4,133.0,0.016,True,simulated
1031.0,84.6,709.1,21.3,37.01,15.6,95.8,130.3,0.0,True,simulated
1032.0,84.6,709.5,22.5,36.96,15.6,96.5,133.6,0.041,True,simulated
1033.0,84.8,707.2,23.0,37.0,15.4,96.1,132.5,0.013,True,simulated
1034.0,84.7,708.7,22.1,36.99,15.8,96.4,132.4,0.0,True,simulated
1035.0,84.7,708.2,20.8,36.98,16.0,96.1,133.8,0.0,True,simulated
1036.0,84.4,710.7,21.5,36.97,15.8,96.9,132.8,0.004,True,simulated
1037.0,84.1,713.3,22.0,37.0,15.9,96.4,133.4,0.01,True,simulated
1038.0,83.7,716.8,22.0,37.08,16.1,96.3,129.9,0.01,True,simulated
1039.0,83.4,719.4,21.3,36.92,15.6,96.9,132.8,0.012,True,simulated
1040.0,83.3,720.1,21.3,37.01,15.6,96.2,131.3,0.0,True,simulated
1041.0,82.5,727.2,22.5,36.98,15.1,96.5,130.8,0.0,True,simulated
1042.0,81.4,736.9,21.1,36.99,15.8,96.6,131.5,0.0,True,simulated
1043.0,81.1,739.6,22.5,37.02,15.1,97.0,131.8,0.008,True,simulated
1044.0,81.6,735.3,22.8,37.03,15.7,95.9,132.8,0.023,True,simulated
1045.0,82.0,731.8,23.1,36.98,15.5,95.9,129.4,0.015,True,simulated
1046.0,82.0,732.1,22.8,37.01,16.1,96.8,135.6,0.0,True,simulated
1047.0,82.0,731.6,23.1,37.01,14.8,97.1,132.6,0.0,True,simulated
1048.0,82.1,730.5,23.3,36.97,15.6,96.4,129.9,0.0,True,simulated
1049.0,82.5,727.1,23.4,36.99,15.3,97.2,132.2,0.0,True,simulated
1050.0,82.4,728.0,22.7,37.03,14.7,96.1,135.4,0.0,True,simulated
1051.0,82.3,728.7,22.8,37.06,15.3,96.2,133.1,0.0,True,simulated
1052.0,82.5,727.3,22.8,37.01,15.7,97.0,133.2,0.007,True,simulated
1053.0,82.4,727.9,21.8,36.98,15.7,97.1,134.1,0.0,True,simulated
1054.0,81.9,732.2,21.4,37.01,15.0,96.5,130.6,0.003,True,simulated
1055.0,82.2,730.2,21.3,37.0,15.4,97.0,134.3,0.0,True,simulated
1056.0,82.3,729.5,21.9,36.99,16.3,97.5,129.6,0.02,True,simulated
1057.0,82.6,726.2,21.1,37.07,16.7,97.5,133.5,0.012,True,simulated
1058.0,82.5,727.3,20.6,37.02,15.1,96.4,135.1,0.0,True,simulated
1059.0,82.4,728.2,20.7,37.01,16.1,97.4,129.8,0.213,True,simulated
1060.0,84.0,714.1,20.4,36.98,16.3,96.7,130.3,0.357,True,simulated
1061.0,85.3,703.3,20.5,36.97,17.8,96.0,134.1,0.489,True,simulated
1062.0,89.6,669.7,21.4,37.09,18.4,96.4,134.4,0.586,True,simulated
1063.0,96.1,624.2,20.6,37.06,18.4,97.4,134.8,0.676,True,simulated
1064.0,99.4,603.4,20.6,37.05,19.9,96.3,135.1,0.705,True,simulated
1065.0,104.8,572.3,20.4,37.03,20.0,96.0,138.5,0.715,True,simulated
1066.0,109.6,547.3,21.5,37.05,21.2,96.1,144.2,0.76,True,simulated
1067.0,112.7,532.3,20.8,37.06,22.0,96.4,140.8,0.804,True,simulated
1068.0,115.3,520.4,22.2,37.04,22.3,96.3,142.9,0.796,True,simulated
1069.0,119.5,502.0,21.6,37.03,24.3,95.9,143.5,0.819,True,simulated
1070.0,123.5,485.9,21.3,37.09,24.3,95.9,146.4,0.85,True,simulated
1071.0,125.2,479.3,21.2,37.06,25.0,96.3,145.2,0.891,True,simulated
1072.0,126.9,472.8,21.2,37.08,25.5,96.9,142.3,0.862,True,simulated
1073.0,128.4,467.4,21.3,37.06,26.5,96.0,145.0,0.91,True,simulated
1074.0,128.9,465.6,21.3,37.07,25.9,96.2,149.5,0.883,True,simulated
1075.0,130.3,460.3,21.0,37.12,26.5,96.4,149.8,0.898,True,simulated
1076.0,131.3,457.0,19.5,37.09,27.1,96.7,146.4,0.873,True,simulated
1077.0,132.0,454.6,17.3,37.06,27.8,96.8,151.8,0.91,True,simulated
1078.0,132.1,454.3,17.7,37.03,26.7,96.2,150.3,0.886,True,simulated
1079.0,132.5,452.9,16.8,37.13,27.8,96.5,149.4,0.893,True,simulated
1080.0,133.4,449.8,14.6,37.11,28.4,95.6,153.7,0.904,True,simulated
1081.0,133.7,448.6,13.6,37.13,28.0,96.3,149.5,0.879,True,simulated
1082.0,135.2,443.8,13.0,37.16,29.8,95.8,149.8,0.895,True,simulated
1083.0,135.1,444.1,13.0,37.1,28.9,96.5,154.4,0.889,True,simulated
1084.0,134.8,445.3,12.8,37.06,29.4,96.2,154.5,0.938,True,simulated
1085.0,134.5,446.0,11.9,37.1,28.7,95.6,157.7,0.864,True,simulated
1086.0,135.6,442.6,10.7,37.09,29.4,96.3,153.8,0.902,True,simulated
1087.0,135.1,444.2,10.5,37.04,28.9,95.9,155.7,0.909,True,simulated
1088.0,134.8,445.1,9.8,37.07,29.4,95.8,153.9,0.888,True,simulated
1089.0,134.5,446.0,10.4,37.1,30.0,95.7,156.0,0.891,True,simulated
1090.0,134.4,446.4,10.7,37.1,28.7,96.4,158.2,0.909,True,simulated
1091.0,134.3,446.6,10.1,37.12,29.7,96.4,157.1,0.862,True,simulated
1092.0,135.3,443.5,10.0,37.06,29.1,96.1,155.4,0.901,True,simulated
1093.0,134.5,446.1,10.0,37.12,30.1,95.1,154.1,0.871,True,simulated
1094.0,134.6,445.8,9.9,37.15,29.5,96.3,162.5,0.899,True,simulated
1095.0,134.8,445.0,8.9,37.07,29.8,95.9,156.9,0.873,True,simulated
1096.0,135.6,442.5,8.6,37.11,29.2,96.3,156.9,0.868,True,simulated
1097.0,136.0,441.3,8.9,37.13,28.8,95.7,159.7,0.879,True,simulated
1098.0,136.0,441.2,8.8,37.16,30.6,96.4,161.7,0.921,True,simulated
1099.0,136.6,439.4,8.8,37.09,29.9,95.6,159.2,0.953,True,simulated
1100.0,137.6,436.2,7.5,37.14,29.6,96.4,159.0,0.923,True,simulated
1101.0,137.0,437.8,7.6,37.17,30.3,96.9,158.3,0.879,True,simulated
1102.0,137.0,437.9,6.5,37.14,30.1,96.0,159.8,0.878,True,simulated
1103.0,136.6,439.1,6.1,37.21,29.7,96.0,161.2,0.904,True,simulated
1104.0,137.0,438.1,6.3,37.18,29.3,95.7,159.7,0.927,True,simulated
1105.0,137.4,436.6,6.4,37.18,30.1,96.0,158.5,0.851,True,simulated
1106.0,137.8,435.3,6.3,37.17,29.0,95.7,161.5,0.902,True,simulated
1107.0,137.6,436.0,6.2,37.16,29.6,96.3,159.9,0.891,True,simulated
1108.0,138.2,434.2,6.2,37.1,29.8,96.6,164.2,0.914,True,simulated
1109.0,138.5,433.2,6.3,37.03,29.7,96.4,161.6,0.882,True,simulated
1110.0,138.3,433.7,5.8,37.06,29.3,96.3,165.9,0.897,True,simulated
1111.0,138.5,433.2,5.6,37.21,29.1,95.8,161.0,0.945,True,simulated
1112.0,138.8,432.2,5.4,37.15,29.3,96.7,161.6,0.918,True,simulated
1113.0,139.8,429.2,5.7,37.16,28.8,96.5,160.5,0.89,True,simulated
1114.0,140.4,427.2,5.7,37.15,30.2,96.7,160.6,0.895,True,simulated
1115.0,139.7,429.4,5.4,37.22,28.9,96.6,161.5,0.899,True,simulated
1116.0,139.8,429.2,5.3,37.13,28.8,96.7,161.0,0.903,True,simulated
1117.0,140.8,426.2,5.3,37.13,29.5,96.9,164.6,0.902,True,simulated
1118.0,140.7,426.4,5.2,37.13,28.5,96.5,158.0,0.924,True,simulated
1119.0,140.6,426.8,5.4,37.22,28.7,96.4,158.0,0.869,True,simulated
1120.0,140.5,426.9,5.4,37.22,28.5,95.9,162.3,0.752,True,simulated
1121.0,140.5,427.1,5.5,37.24,28.5,96.8,165.4,0.589,True,simulated
1122.0,139.0,431.8,5.8,37.25,26.8,96.2,161.1,0.524,True,simulated
1123.0,137.6,436.2,5.8,37.16,26.2,96.6,157.0,0.456,True,simulated
1124.0,136.1,440.9,6.5,37.2,26.4,96.1,153.8,0.342,True,simulated
1125.0,134.6,445.9,6.2,37.24,25.4,96.4,152.5,0.312,True,simulated
1126.0,132.9,451.5,7.2,37.24,24.4,96.3,150.9,0.292,True,simulated
1127.0,130.6,459.5,8.1,37.18,23.8,95.9,154.4,0.256,True,simulated
1128.0,129.3,464.0,8.3,37.16,23.2,96.5,145.9,0.221,True,simulated
1129.0,127.8,469.6,10.4,37.14,22.4,96.0,149.7,0.181,True,simulated
1130.0,125.5,478.3,10.4,37.15,21.4,96.2,147.5,0.183,True,simulated
1131.0,124.1,483.5,10.9,37.12,21.9,96.0,146.4,0.165,True,simulated
1132.0,122.0,492.0,12.1,37.11,21.6,95.9,148.5,0.159,True,simulated
1133.0,119.3,502.8,12.5,37.16,20.2,96.7,145.9,0.196,True,simulated
1134.0,119.5,502.1,12.6,37.17,20.8,95.4,142.6,0.166,True,simulated
1135.0,118.0,508.7,15.0,37.14,19.7,96.6,145.5,0.192,True,simulated
1136.0,116.7,514.2,15.6,37.14,19.4,96.0,143.6,0.165,True,simulated
1137.0,115.8,518.2,16.3,37.13,19.0,96.8,144.2,0.145,True,simulated
1138.0,114.0,526.1,16.0,37.15,19.0,96.2,139.6,0.141,True,simulated
1139.0,112.7,532.3,17.0,37.2,19.1,96.5,140.7,0.182,True,simulated
1140.0,113.4,529.0,17.4,37.17,18.0,96.6,142.9,0.164,True,simulated
1141.0,112.8,532.1,17.6,37.17,19.2,96.7,144.6,0.202,True,simulated
1142.0,110.5,543.1,18.0,37.17,19.0,96.5,139.8,0.159,True,simulated
1143.0,110.6,542.5,18.0,37.17,18.3,96.9,142.4,0.131,True,simulated
1144.0,109.4,548.5,19.1,37.13,19.1,97.4,142.6,0.148,True,simulated
1145.0,107.2,559.7,19.3,37.15,18.9,96.3,141.3,0.113,True,simulated
1146.0,106.8,561.7,19.8,37.06,19.6,97.6,139.0,0.154,True,simulated
1147.0,106.7,562.5,19.5,37.08,18.7,96.8,142.2,0.181,True,simulated
1148.0,105.9,566.4,19.6,37.13,19.8,96.9,140.1,0.228,True,simulated
1149.0,106.0,566.0,20.7,37.06,20.0,96.8,140.9,0.14,True,simulated
1150.0,105.9,566.8,19.3,37.13,19.5,96.4,139.2,0.128,True,simulated
1151.0,105.1,571.0,19.5,37.1,19.7,95.9,139.5,0.151,True,simulated
1152.0,104.6,573.4,19.5,37.1,18.8,97.3,139.4,0.173,True,simulated
1153.0,103.5,579.8,20.4,37.06,19.2,96.8,135.1,0.18,True,simulated
1154.0,102.6,584.9,20.3,37.13,18.9,97.6,140.7,0.148,True,simulated
1155.0,101.8,589.3,21.2,37.06,19.1,96.9,142.7,0.143,True,simulated
1156.0,102.6,584.8,20.5,37.08,18.5,96.5,145.9,0.159,True,simulated
1157.0,101.7,590.0,19.9,37.07,18.9,96.0,138.5,0.173,True,simulated
1158.0,102.0,588.1,21.0,37.02,18.1,96.3,140.9,0.173,True,simulated
1159.0,101.9,588.8,21.2,37.12,18.9,97.0,140.8,0.123,True,simulated
1160.0,101.0,594.0,19.3,37.12,18.9,96.7,139.3,0.163,True,simulated
1161.0,99.8,601.2,19.4,37.08,18.3,96.9,136.0,0.159,True,simulated
1162.0,99.7,601.7,19.1,37.11,18.5,96.4,134.0,0.175,True,simulated
1163.0,99.2,604.7,19.4,37.06,19.4,96.8,137.9,0.168,True,simulated
1164.0,99.1,605.5,19.4,37.05,18.7,97.2,138.1,0.179,True,simulated
1165.0,99.1,605.3,19.1,37.07,19.1,96.3,137.3,0.182,True,simulated
1166.0,98.4,609.8,20.0,37.08,18.3,96.5,139.2,0.152,True,simulated
1167.0,98.2,610.9,20.5,37.13,18.5,96.9,132.4,0.155,True,simulated
1168.0,97.2,617.4,21.1,37.13,18.4,97.0,134.8,0.16,True,simulated
1169.0,97.1,618.0,20.7,37.05,18.5,96.8,134.2,0.144,True,simulated
1170.0,96.4,622.6,19.4,37.08,17.7,96.6,134.1,0.153,True,simulated
1171.0,96.9,619.0,20.2,37.06,18.2,95.6,132.6,0.117,True,simulated
1172.0,97.8,613.2,19.2,37.06,18.1,96.7,141.3,0.133,True,simulated
1173.0,97.3,616.4,19.7,37.08,18.2,96.3,135.3,0.159,True,simulated
1174.0,96.9,619.5,20.7,37.06,17.7,97.2,137.0,0.116,True,simulated
1175.0,97.3,616.8,21.3,37.05,18.3,96.4,134.3,0.131,True,simulated
1176.0,96.5,621.6,21.8,37.09,18.5,96.3,133.5,0.193,True,simulated
1177.0,96.0,625.2,21.4,37.07,17.8,97.1,134.8,0.148,True,simulated
1178.0,95.0,631.5,21.8,37.02,18.6,96.4,136.7,0.136,True,simulated
1179.0,95.6,627.7,21.8,37.08,18.6,95.8,137.5,0.211,True,simulated
1180.0,96.2,623.7,21.9,37.05,18.2,96.9,139.8,0.311,True,simulated
1181.0,98.3,610.2,22.1,37.07,18.9,96.6,138.8,0.34,True,simulated
1182.0,99.0,606.0,23.3,37.08,18.8,97.2,140.3,0.377,True,simulated
1183.0,100.9,594.9,23.7,37.09,20.4,96.6,139.6,0.376,True,simulated
1184.0,101.7,590.2,22.1,36.99,20.5,97.0,139.1,0.414,True,simulated
1185.0,103.6,579.4,21.9,37.03,20.8,96.6,139.9,0.458,True,simulated
1186.0,103.9,577.2,21.1,37.07,21.5,96.2,139.8,0.443,True,simulated
1187.0,105.1,571.0,21.3,37.07,20.7,96.3,142.5,0.438,True,simulated
1188.0,106.7,562.1,21.6,36.97,22.7,96.2,141.4,0.461,True,simulated
1189.0,107.6,557.7,22.4,37.0,21.8,96.8,144.0,0.483,True,simulated
1190.0,108.2,554.7,22.0,36.97,22.3,96.7,141.6,0.508,True,simulated
1191.0,108.7,552.0,21.2,37.01,23.0,96.5,144.3,0.506,True,simulated
1192.0,109.4,548.2,20.8,36.94,23.1,97.1,145.0,0.503,True,simulated
1193.0,110.4,543.6,19.2,37.0,23.8,96.9,142.8,0.502,True,simulated
1194.0,111.6,537.6,18.8,36.99,23.9,96.1,146.6,0.502,True,simulated
1195.0,112.2,534.9,18.6,37.01,24.2,96.4,143.2,0.466,True,simulated
1196.0,112.3,534.2,18.8,37.05,24.0,95.9,143.9,0.48,True,simulated
1197.0,112.3,534.2,17.6,36.99,23.3,96.4,142.7,0.52,True,simulated
1198.0,113.0,531.1,15.9,36.97,23.9,95.3,145.8,0.513,True,simulated
1199.0,113.4,529.2,15.1,37.02,23.2,95.5,146.9,0.519,True,simulated
1200.0,113.0,531.1,15.2,36.99,25.0,96.7,143.4,0.528,True,simulated
1201.0,112.2,534.7,14.9,37.03,23.6,96.1,146.5,0.496,True,simulated
1202.0,112.6,533.0,14.9,36.99,23.4,96.8,142.3,0.535,True,simulated
1203.0,112.8,531.9,14.9,37.0,22.5,95.9,145.5,0.492,True,simulated
1204.0,113.0,531.2,14.7,37.0,23.9,97.0,147.2,0.52,True,simulated
1205.0,112.8,532.1,13.4,37.0,23.3,96.8,144.7,0.501,True,simulated
1206.0,112.7,532.6,13.4,37.01,23.9,96.3,145.5,0.532,True,simulated
1207.0,113.7,527.7,13.3,37.02,23.4,96.0,148.9,0.487,True,simulated
